1,132382,152,238097,963178,230683,156083,89436_201369_503262_29736_77091_101584_15464_49576_57896_9866_37584_41836_8466_32339_36915_7299_28001_31597_6382_24451_27700_5613_21300_24064_4938_18905_21285_4432_16574_18839_3937_14565_16632_3331_12141_13946_2854_10353_11896_2343_8514_9675_1957_7127_8165_1600_5730_6604_1335_4741_5320_1120_3942_4517_892_3225_3607_740_2672_2964_600_2196_2458_552_1969_2191_524_1737_2078_387_1328_1467_293_999_1094_204_810_834_188_702_772_171_636_684_146_515_578_124_441_486_114_345_456_100_357_385_92_315_362_73_217_258_50_179_199_49_133_170_38_126_131_23_92_91_11_60_50_12_52_53_7_34_31_5_25_21_3_18_15_2_12_10
1,132382,66509,13,42,42,42,7_13_42
1,132382,296632,40,204,204,0,34_40_204
1,132382,388,17,66,66,0,11_17_66
1,132382,153014,56,300,300,300,50_56_300
1,132382,698,25,114,114,114,19_25_114
1,175980,817,30,159,0,0,24_30_144_6_6_15
1,132382,1128,44,228,228,228,38_44_228
1,132382,1139,21,90,90,90,15_21_90
1,14351,9182,1507,5512,1120,1027,669_1365_3682_296_511_852_118_228_314_53_134_163_33_107_127_22_56_73_19_51_61_13_49_57_12_33_40_10_29_41_11_28_39_8_11_20_2_8_8_3_9_11_3_15_14_2_8_10
1,433468,1309,7,21,0,0,7_7_21
1,132382,1640,79,438,438,0,73_79_438
1,132382,1809,27,126,126,126,21_27_126
1,331021,1900,18,72,0,0,12_18_72
1,84989,2193,33,162,0,0,27_33_162
1,57702,2227,12,51,0,0,6_12_36_6_6_15
1,168199,2348,24,108,0,0,18_24_108
1,102883,2645,20,84,0,0,14_20_84
1,1087823,2709,8,27,0,0,2_8_12_6_6_15
1,132382,2875,17,66,66,66,11_17_66
1,285239,3156,12,36,0,0,12_12_36
1,132382,3260,27,126,126,126,21_27_126
1,197520,3276,35,174,0,0,29_35_174
1,24067,3574,8,27,0,0,2_8_12_6_6_15
1,132382,3590,26,120,120,0,20_26_120
1,71981,3714,45,234,0,0,39_45_234
1,184717,3831,18,87,0,0,12_18_72_6_6_15
1,132382,3947,9,18,18,0,3_9_18
1,132382,3963,71,390,390,0,65_71_390
1,132382,4304,11,30,30,30,5_11_30
1,329363,4769,11,45,0,0,5_11_30_6_6_15
1,59610,4952,16,75,0,0,10_16_60_6_6_15
1,132382,648596,20,84,84,0,14_20_84
1,132382,5020,7,6,6,6,1_7_6
1,132382,666839,27,126,126,0,21_27_126
1,132382,5281,14,48,48,48,8_14_48
1,132382,5354,46,240,240,240,40_46_240
1,132382,6056,73,402,402,0,67_73_402
1,132382,6467,23,102,102,102,17_23_102
1,132382,6550,45,234,234,234,39_45_234
1,132382,168591,14,48,48,48,8_14_48
1,132382,6728,8,12,12,0,2_8_12
1,132382,6987,17,66,66,0,11_17_66
1,680085,7162,47,246,0,0,41_47_246
1,133257,7305,8,27,0,0,2_8_12_6_6_15
1,132382,7396,27,126,126,126,21_27_126
1,620376,7640,30,143,0,0,24_30_143
1,480047,7655,30,159,0,0,24_30_144_6_6_15
1,132382,1509527,16,60,60,60,10_16_60
1,92233,7713,26,120,0,0,20_26_120
1,132382,7751,15,54,54,54,9_15_54
1,533562,8042,16,75,0,0,10_16_60_6_6_15
1,132382,8207,67,366,366,366,61_67_366
1,132382,8357,20,84,84,84,14_20_84
1,132382,8536,15,54,54,54,9_15_54
1,132382,8792,64,348,348,348,58_64_348
1,191734,8876,23,102,0,0,17_23_102
1,689061,9375,7,21,0,0,7_7_21
1,132382,9666,30,144,144,144,24_30_144
1,132382,9811,26,80,13,13,7_19_42_6_11_30_5_6_5_1_4_3
1,132382,9985,46,240,240,240,40_46_240
1,398326,10141,7,21,0,0,7_7_21
1,132382,10558,60,324,324,324,54_60_324
1,177217,10890,29,138,0,0,23_29_138
1,132382,10977,21,90,90,90,15_21_90
1,557096,11060,8,27,0,0,2_8_12_6_6_15
1,132382,11128,13,42,42,42,7_13_42
1,234814,11360,23,117,0,0,17_23_102_6_6_15
1,132382,199403,20,84,84,84,14_20_84
1,358474,11504,10,39,0,0,4_10_24_6_6_15
1,190264,11629,11,45,0,0,5_11_30_6_6_15
1,334036,11634,7,21,0,0,7_7_21
1,132382,12067,19,78,78,78,13_19_78
1,132382,12163,20,84,84,84,14_20_84
1,132382,51249,53,282,282,282,47_53_282
1,132382,13290,20,84,84,84,14_20_84
1,132382,13294,25,114,114,114,19_25_114
1,132382,13662,17,66,66,0,11_17_66
1,182345,13766,24,108,0,0,18_24_108
1,132382,14045,23,102,102,102,17_23_102
1,132382,14144,55,294,294,0,49_55_294
1,183932,14306,28,132,0,0,22_28_132
1,132382,14505,25,114,114,114,19_25_114
1,132382,34568,12,36,36,0,6_12_36
1,132382,596385,9,18,18,0,3_9_18
1,132382,521485,47,246,246,246,41_47_246
1,132382,15166,53,282,282,282,47_53_282
1,132382,81511,22,81,1,1,6_21_35_5_6_15_1_2_1_1_6_5_3_8_15_5_5_10
1,132382,15336,38,192,192,0,32_38_192
1,58000,15439,20,84,0,0,14_20_84
1,37386,15442,14,63,0,0,8_14_48_6_6_15
1,148825,15453,28,147,0,0,22_28_132_6_6_15
1,132382,15644,12,36,36,36,6_12_36
1,414240,15648,47,246,0,0,41_47_246
1,35717,15809,37,180,180,180,30_37_180
1,132382,15908,9,18,18,18,3_9_18
1,224090,16072,16,75,0,0,10_16_60_6_6_15
1,35881,16142,26,120,0,0,20_26_120
1,132382,16232,13,42,42,42,7_13_42
1,1405661,16346,57,306,0,0,51_57_306
1,132382,16403,64,348,348,348,58_64_348
1,132382,16436,23,102,102,0,17_23_102
1,54806,16621,23,117,0,0,17_23_102_6_6_15
1,132382,16823,9,18,18,0,3_9_18
1,132382,17275,12,36,36,36,6_12_36
1,132382,17312,17,66,66,0,11_17_66
1,315985,17330,23,117,0,0,17_23_102_6_6_15
1,132382,17397,62,336,336,336,56_62_336
1,132382,17538,69,378,378,378,63_69_378
1,219009,17610,8,27,0,0,2_8_12_6_6_15
1,191074,17619,7,21,0,0,7_7_21
1,752147,17661,29,138,0,0,23_29_138
1,132382,18057,51,270,270,270,45_51_270
1,132382,18161,14,48,48,48,8_14_48
1,132382,18321,43,222,222,0,37_43_222
1,132382,428961,13,42,42,0,7_13_42
1,132382,18354,19,78,78,0,13_19_78
1,60091,18499,23,102,0,0,17_23_102
1,747340,18811,7,21,0,0,7_7_21
1,179423,18882,16,60,0,0,10_16_60
1,132382,19381,14,48,48,0,8_14_48
1,132382,19436,54,288,288,0,48_54_288
1,148600,19696,14,63,0,0,8_14_48_6_6_15
1,132382,20458,13,42,42,42,7_13_42
1,132382,20461,46,240,240,240,40_46_240
1,14351,20499,55,294,294,0,49_55_294
1,132382,21381,30,144,144,144,24_30_144
1,244768,21537,24,108,0,0,18_24_108
1,132382,21552,44,228,228,0,38_44_228
1,132382,21842,62,336,336,336,56_62_336
1,132382,21928,13,42,42,42,7_13_42
1,132382,21939,36,180,180,0,30_36_180
1,59088,22459,20,99,0,0,14_20_84_6_6_15
1,132382,126502,33,162,162,0,27_33_162
1,652429,22796,25,114,0,0,19_25_114
1,132382,22850,70,384,384,384,64_70_384
1,132382,703458,16,60,60,0,10_16_60
1,132382,23645,48,252,252,252,42_48_252
1,246804,23844,13,42,0,0,7_13_42
1,132382,401003,14,48,48,48,8_14_48
1,425880,24019,28,132,0,0,22_28_132
1,70339,24148,14,48,0,0,8_14_48
1,337443,24169,16,75,0,0,10_16_60_6_6_15
1,413675,24218,39,213,0,0,33_39_198_6_6_15
1,205303,24353,18,72,0,0,12_18_72
1,624762,24379,22,76,0,0,15_22_75_2_2_1
1,132382,24660,47,246,246,246,41_47_246
1,132382,25367,73,402,402,0,67_73_402
1,450034,25656,9,33,0,0,3_9_18_6_6_15
1,238073,25852,13,42,0,0,7_13_42
1,132382,25953,17,66,66,66,11_17_66
1,154017,26193,42,216,0,0,36_42_216
1,132382,26340,15,54,54,54,9_15_54
1,240505,26687,20,99,0,0,14_20_84_6_6_15
1,132382,27040,11,30,30,30,5_11_30
1,132382,417485,12,36,36,0,6_12_36
1,285040,27346,22,96,0,0,16_22_96
1,461864,27416,27,141,0,0,21_27_126_6_6_15
1,132382,27435,8,12,12,12,2_8_12
1,132382,27621,64,348,348,348,58_64_348
1,132382,465313,15,54,54,54,9_15_54
1,132382,28033,20,84,84,0,14_20_84
1,14351,28087,72,396,396,0,66_72_396
1,132382,28571,8,12,12,12,2_8_12
1,135675,28679,8,27,0,0,2_8_12_6_6_15
1,132382,28821,32,156,156,156,26_32_156
1,325463,29091,15,69,0,0,9_15_54_6_6_15
1,881079,29282,15,54,0,0,9_15_54
1,132382,29425,18,72,72,72,12_18_72
1,570316,29975,25,129,0,0,19_25_114_6_6_15
1,132382,30330,67,366,366,366,61_67_366
1,448220,30365,46,240,0,0,40_46_240
1,132382,31167,15,54,54,54,9_15_54
1,218630,31280,14,48,0,0,8_14_48
1,86640,31810,15,54,0,0,9_15_54
1,132382,31900,55,294,294,294,49_55_294
1,69887,32232,13,57,0,0,7_13_42_6_6_15
1,132382,32430,10,24,24,24,4_10_24
1,132382,32510,59,318,318,318,53_59_318
1,14351,32593,58,312,312,312,52_58_312
1,132382,32900,23,102,102,102,17_23_102
1,132382,32943,13,42,42,0,7_13_42
1,132382,32989,14,48,48,48,8_14_48
1,14351,33353,7,6,6,6,1_7_6
1,148270,33463,17,81,0,0,11_17_66_6_6_15
1,132382,33566,20,84,84,84,14_20_84
1,64743,33642,28,132,0,0,22_28_132
1,127812,33952,14,63,0,0,8_14_48_6_6_15
1,132382,330728,7,6,6,6,1_7_6
1,132382,34422,46,240,240,240,40_46_240
1,132382,225007,10,24,24,24,4_10_24
1,132382,34719,26,120,120,120,20_26_120
1,132382,34725,34,168,168,0,28_34_168
1,132382,35457,10,24,24,0,4_10_24
1,132382,35523,9,18,18,18,3_9_18
1,60120,36191,24,76,41,41,9_22_54_4_6_14_2_3_3_1_6_5
1,132382,36836,46,240,240,240,40_46_240
1,188110,37132,17,66,0,0,11_17_66
1,132382,37198,45,234,234,0,39_45_234
1,309144,37595,22,111,0,0,16_22_96_6_6_15
1,132382,37651,31,150,150,0,25_31_150
1,132382,69169,40,204,204,204,34_40_204
1,132382,38225,29,138,138,138,23_29_138
1,132382,38296,27,126,126,126,21_27_126
1,132382,572466,16,60,60,60,10_16_60
1,132382,38609,38,192,192,192,32_38_192
1,132382,39243,45,234,234,0,39_45_234
1,132382,39357,24,108,108,0,18_24_108
1,132382,39900,31,150,150,0,25_31_150
1,132382,40230,8,12,12,12,2_8_12
1,132382,40375,11,30,30,30,5_11_30
1,102725,41076,7,21,0,0,7_7_21
1,94268,41228,7,21,0,0,7_7_21
1,132382,42084,13,42,42,42,7_13_42
1,132382,42090,17,66,66,66,11_17_66
1,46720,42232,13,57,0,0,7_13_42_6_6_15
1,132382,43121,10,24,24,24,4_10_24
1,132382,49082,10,18,18,18,3_10_18
1,111004,43421,27,141,0,0,21_27_126_6_6_15
1,132382,43567,12,36,36,36,6_12_36
1,366465,43705,22,111,0,0,16_22_96_6_6_15
1,132382,43727,19,78,78,0,13_19_78
1,132382,43886,68,372,372,372,62_68_372
1,371472,43887,8,27,0,0,2_8_12_6_6_15
1,136241,44054,12,51,0,0,6_12_36_6_6_15
1,132382,44177,12,36,36,36,6_12_36
1,14351,44668,10,34,1,1,3_9_18_5_6_15_1_2_1
1,141718,44939,19,93,0,0,13_19_78_6_6_15
1,367847,44995,24,108,0,0,18_24_108
1,132382,45216,25,114,114,114,19_25_114
1,132382,45596,8,12,12,12,2_8_12
1,132382,45722,10,24,24,24,4_10_24
1,80465,46244,18,72,0,0,12_18_72
1,760263,46292,36,195,0,0,30_36_180_6_6_15
1,109074,46495,17,81,0,0,11_17_66_6_6_15
1,132382,48010,12,36,36,0,6_12_36
1,132382,47395,16,60,60,60,10_16_60
1,132382,518418,12,36,36,36,6_12_36
1,132382,47519,26,120,120,120,20_26_120
1,132382,47672,11,30,30,0,5_11_30
1,158437,47909,13,42,0,0,7_13_42
1,132382,101155,7,6,6,6,1_7_6
1,183690,48145,28,132,0,0,22_28_132
1,132382,48190,21,90,90,90,15_21_90
1,132382,48727,15,54,54,0,9_15_54
1,67416,49044,13,57,0,0,7_13_42_6_6_15
1,132382,49481,29,138,138,138,23_29_138
1,132382,462376,9,18,18,18,3_9_18
1,148878,50152,11,45,0,0,5_11_30_6_6_15
1,132382,50804,19,78,78,78,13_19_78
1,132382,835207,14,48,48,48,8_14_48
1,232783,51372,7,21,0,0,7_7_21
1,132382,51495,18,72,72,0,12_18_72
1,131261,51626,20,84,0,0,14_20_84
1,132382,51749,13,42,42,42,7_13_42
1,452773,51820,19,93,0,0,13_19_78_6_6_15
1,132382,1008202,10,24,24,24,4_10_24
1,132382,53350,29,138,138,0,23_29_138
1,57734,53886,10,39,0,0,4_10_24_6_6_15
1,132382,747522,22,96,96,96,16_22_96
1,132382,55007,30,144,144,0,24_30_144
1,132382,55379,28,132,132,0,22_28_132
1,132382,55425,15,54,54,54,9_15_54
1,294545,55798,15,69,0,0,9_15_54_6_6_15
1,132382,55869,10,24,24,24,4_10_24
1,129702,56061,14,48,0,0,8_14_48
1,359746,56162,7,21,0,0,7_7_21
1,132382,56290,27,126,126,126,21_27_126
1,132382,56723,12,36,36,36,6_12_36
1,132382,56795,32,156,156,0,26_32_156
1,268830,57022,12,36,0,0,12_12_36
1,233281,57051,13,42,0,0,7_13_42
1,132382,57140,64,348,348,0,58_64_348
1,132382,57180,35,174,174,174,29_35_174
1,132382,57368,21,90,90,90,15_21_90
1,236286,57402,16,75,0,0,10_16_60_6_6_15
1,132382,57733,20,84,84,0,14_20_84
1,332843,58659,34,168,0,0,28_34_168
1,255082,59345,12,51,0,0,6_12_36_6_6_15
1,87166,59539,13,42,0,0,7_13_42
1,132382,368044,45,234,234,0,39_45_234
1,132382,60213,13,42,42,42,7_13_42
1,132382,1140946,10,24,24,24,4_10_24
1,132382,60316,37,186,186,0,31_37_186
1,132382,60478,11,30,30,30,5_11_30
1,132382,60692,26,120,120,120,20_26_120
1,132382,61486,9,18,18,18,3_9_18
1,132382,61724,10,24,24,24,4_10_24
1,132382,62497,13,42,42,42,7_13_42
1,132382,291414,7,6,6,6,1_7_6
1,132382,63849,16,60,60,60,10_16_60
1,109398,64147,18,87,0,0,12_18_72_6_6_15
1,579733,64181,45,234,0,0,39_45_234
1,80758,64643,8,27,0,0,2_8_12_6_6_15
1,132382,93795,13,37,1,1,11_12_36_1_2_1
1,260157,65365,13,42,0,0,7_13_42
1,132382,65383,11,30,30,30,5_11_30
1,230452,65650,17,66,0,0,11_17_66
1,281044,65689,9,33,0,0,3_9_18_6_6_15
1,132382,66542,56,300,300,300,50_56_300
1,132382,66954,13,42,42,42,7_13_42
1,132382,67171,15,54,54,0,9_15_54
1,132382,67489,13,42,42,42,7_13_42
1,132382,68106,22,96,96,0,16_22_96
1,132382,68354,16,60,60,60,10_16_60
1,356026,68373,24,108,0,0,18_24_108
1,132382,128140,8,12,12,12,2_8_12
1,132382,68724,11,30,30,30,5_11_30
1,613076,69644,28,132,0,0,22_28_132
1,265770,70743,21,105,0,0,15_21_90_6_6_15
1,132382,71606,25,108,108,108,18_25_108
1,252596,72200,10,39,0,0,4_10_24_6_6_15
1,182199,73140,16,75,0,0,10_16_60_6_6_15
1,436231,73757,8,27,0,0,2_8_12_6_6_15
1,89883,89883,17,60,60,60,10_17_60
1,267075,74420,7,21,0,0,7_7_21
1,132382,75122,7,6,6,6,1_7_6
1,489912,75601,17,81,0,0,11_17_66_6_6_15
1,478525,75837,11,45,0,0,5_11_30_6_6_15
1,631836,75887,28,132,0,0,22_28_132
1,157494,76209,14,42,42,42,7_14_42
1,132382,601804,65,354,354,0,59_65_354
1,253189,76995,8,27,0,0,2_8_12_6_6_15
1,132382,102581,8,12,12,12,2_8_12
1,132382,78304,47,246,246,246,41_47_246
1,347384,78776,12,36,0,0,12_12_36
1,132382,79917,9,18,18,18,3_9_18
1,128246,79997,9,33,0,0,3_9_18_6_6_15
1,136488,80449,13,42,0,0,7_13_42
1,278465,80600,12,36,0,0,12_12_36
1,14351,81191,28,132,132,132,22_28_132
1,132382,81530,22,96,96,96,16_22_96
1,132382,81782,12,30,30,30,5_12_30
1,132382,81817,9,18,18,18,3_9_18
1,132382,82480,14,48,48,48,8_14_48
1,103234,83372,13,57,0,0,7_13_42_6_6_15
1,132382,83467,23,102,102,102,17_23_102
1,199943,84155,7,21,0,0,7_7_21
1,146263,84490,36,195,0,0,30_36_180_6_6_15
1,361802,84548,19,78,0,0,13_19_78
1,514507,84563,40,204,0,0,34_40_204
1,221470,84737,14,62,0,0,8_14_47_6_6_15
1,132382,85646,9,18,18,18,3_9_18
1,132382,87157,16,60,60,60,10_16_60
1,132382,87495,15,54,54,54,9_15_54
1,369478,87837,37,186,0,0,31_37_186
1,164406,89545,39,198,0,0,33_39_198
1,119858,90598,12,36,0,0,12_12_36
1,132382,91556,12,36,36,36,6_12_36
1,132382,91902,22,96,96,96,16_22_96
1,132382,92024,10,24,24,0,4_10_24
1,132382,92761,9,18,18,0,3_9_18
1,368776,93044,8,27,0,0,2_8_12_6_6_15
1,506914,93375,13,42,0,0,7_13_42
1,132382,93798,11,30,30,0,5_11_30
1,132382,254232,12,30,30,1,5_12_30
1,132713,93948,19,78,0,0,13_19_78
1,142545,93972,10,39,0,0,4_10_24_6_6_15
1,132382,95750,12,36,36,36,6_12_36
1,301106,96240,16,75,0,0,10_16_60_6_6_15
1,132382,96458,19,78,78,78,13_19_78
1,139882,96970,13,57,0,0,7_13_42_6_6_15
1,132382,97290,15,54,54,54,9_15_54
1,321881,97699,7,21,0,0,7_7_21
1,132382,98404,8,12,12,12,2_8_12
1,106744,98597,23,102,0,0,17_23_102
1,213378,99257,15,69,0,0,9_15_54_6_6_15
1,132382,99329,34,168,168,0,28_34_168
1,132382,99878,19,78,78,78,13_19_78
1,132382,99915,12,36,36,36,6_12_36
1,132382,99994,12,36,36,36,6_12_36
1,553793,100035,38,192,0,0,32_38_192
1,132382,100187,10,24,24,24,4_10_24
1,132382,100475,47,246,246,246,41_47_246
1,127703,101146,9,33,0,0,3_9_18_6_6_15
1,192900,102799,14,48,0,0,8_14_48
1,60120,103233,11,30,2,2,6_11_27_3_3_3
1,778268,103695,9,33,0,0,3_9_18_6_6_15
1,132382,103901,35,174,174,174,29_35_174
1,246856,104194,34,183,0,0,28_34_168_6_6_15
1,132382,113014,12,36,36,36,6_12_36
1,132382,105480,20,84,84,84,14_20_84
1,691508,105529,28,132,0,0,22_28_132
1,409415,105818,24,108,0,0,18_24_108
1,132382,106539,25,114,114,0,19_25_114
1,186218,107285,9,33,0,0,3_9_18_6_6_15
1,328824,110902,8,27,0,0,2_8_12_6_6_15
1,116883,111470,8,27,0,0,2_8_12_6_6_15
1,116206,111946,16,75,0,0,10_16_60_6_6_15
1,309358,112338,23,117,0,0,17_23_102_6_6_15
1,132382,112663,11,30,30,30,5_11_30
1,132382,151474,10,24,24,24,4_10_24
1,132382,113206,15,54,54,54,9_15_54
1,173711,114327,20,84,0,0,14_20_84
1,343557,116773,14,48,0,0,8_14_48
1,132382,116888,17,66,66,0,11_17_66
1,132382,117427,11,30,30,0,5_11_30
1,122845,117612,14,63,0,0,8_14_48_6_6_15
1,132382,117727,10,24,24,0,4_10_24
1,467556,118189,21,90,0,0,15_21_90
1,339564,118985,16,75,0,0,10_16_60_6_6_15
1,340857,118990,8,12,12,12,2_8_12
1,340857,340857,7,6,6,6,1_7_6
1,132382,122052,17,66,66,0,11_17_66
1,304974,120201,18,87,0,0,12_18_72_6_6_15
1,126224,120264,11,45,0,0,5_11_30_6_6_15
1,132382,120673,13,42,42,42,7_13_42
1,132382,120750,9,18,18,18,3_9_18
1,132382,121430,15,54,54,54,9_15_54
1,268285,122847,16,75,0,0,10_16_60_6_6_15
1,132382,123615,7,6,6,0,1_7_6
1,132382,124074,7,6,6,6,1_7_6
1,132382,124566,9,18,18,0,3_9_18
1,132382,125308,11,30,30,0,5_11_30
1,132382,125452,28,132,132,132,22_28_132
1,368964,125588,7,21,0,0,7_7_21
1,298654,125925,15,54,0,0,9_15_54
1,274236,126475,15,54,0,0,9_15_54
1,301259,126986,12,36,0,0,12_12_36
1,132382,127971,22,96,96,96,16_22_96
1,131169,128094,20,99,0,0,14_20_84_6_6_15
1,495704,129633,13,42,0,0,7_13_42
1,753780,130469,7,21,0,0,7_7_21
1,193866,130551,9,33,0,0,3_9_18_6_6_15
1,202131,131195,13,57,0,0,7_13_42_6_6_15
1,132382,131362,21,90,90,90,15_21_90
1,132382,131597,22,96,96,96,16_22_96
1,355421,131608,7,21,0,0,7_7_21
1,132382,430030,10,24,24,0,4_10_24
1,132382,132469,14,48,48,0,8_14_48
1,176053,133884,8,27,0,0,2_8_12_6_6_15
1,436882,133991,9,33,0,0,3_9_18_6_6_15
1,132382,289220,9,18,18,18,3_9_18
1,132382,134169,19,78,78,78,13_19_78
1,132382,135718,18,72,72,72,12_18_72
1,132382,137742,23,102,102,0,17_23_102
1,132382,137897,9,18,18,18,3_9_18
1,132382,138242,11,24,24,24,4_11_24
1,146227,138507,15,69,0,0,9_15_54_6_6_15
1,132382,139773,14,48,48,48,8_14_48
1,174041,140735,15,64,0,0,8_15_48_5_7_15_2_2_1
1,736850,141559,8,26,0,0,4_8_20_4_4_6
1,132382,141758,13,42,42,42,7_13_42
1,132382,143160,8,12,12,12,2_8_12
1,132382,143378,16,60,60,60,10_16_60
1,132382,143413,20,84,84,84,14_20_84
1,326441,143791,10,39,0,0,4_10_24_6_6_15
1,444914,144619,9,33,0,0,3_9_18_6_6_15
1,580555,145538,10,39,0,0,4_10_24_6_6_15
1,132382,145993,26,120,120,120,20_26_120
1,284957,146050,25,114,0,0,19_25_114
1,177325,146084,30,159,0,0,24_30_144_6_6_15
1,635353,146586,9,33,0,0,3_9_18_6_6_15
1,132382,147060,7,6,6,6,1_7_6
1,370733,147842,13,57,0,0,7_13_42_6_6_15
1,132382,161629,18,72,72,0,12_18_72
1,634384,149299,7,21,0,0,7_7_21
1,631004,149992,7,21,0,0,7_7_21
1,132382,150088,25,114,114,114,19_25_114
1,132382,150327,20,84,84,84,14_20_84
1,401807,151137,14,48,0,0,8_14_48
1,132382,1002413,14,48,48,48,8_14_48
1,293390,151285,13,42,0,0,7_13_42
1,132382,152520,16,60,60,60,10_16_60
1,704768,153248,12,51,0,0,6_12_36_6_6_15
1,163296,153635,7,21,0,0,7_7_21
1,220309,153642,10,39,0,0,4_10_24_6_6_15
1,132382,154993,7,6,6,6,1_7_6
1,132382,155329,7,6,6,6,1_7_6
1,461197,155853,8,27,0,0,2_8_12_6_6_15
1,132382,157139,9,18,18,18,3_9_18
1,350882,157460,10,39,0,0,4_10_24_6_6_15
1,132382,158015,21,90,90,0,15_21_90
1,132382,158219,13,42,42,42,7_13_42
1,608217,159636,9,33,0,0,3_9_18_6_6_15
1,132382,160082,21,90,90,90,15_21_90
1,214711,161384,14,63,0,0,8_14_48_6_6_15
1,132382,161707,12,36,36,36,6_12_36
1,132382,161890,8,12,12,12,2_8_12
1,232995,163716,8,27,0,0,2_8_12_6_6_15
1,231617,164352,22,96,0,0,16_22_96
1,265912,165001,13,57,0,0,7_13_42_6_6_15
1,132382,165061,15,54,54,0,9_15_54
1,132382,165739,21,90,90,90,15_21_90
1,132382,166847,10,24,24,24,4_10_24
1,268504,167028,16,60,0,0,10_16_60
1,217826,167928,9,33,0,0,3_9_18_6_6_15
1,171437,169617,13,42,0,0,7_13_42
1,414431,172347,7,21,0,0,7_7_21
1,205571,172947,11,18,18,18,3_11_18
1,132382,312704,13,42,42,42,7_13_42
1,132382,484362,10,24,24,0,4_10_24
1,450072,175304,19,78,0,0,13_19_78
1,132382,176659,9,28,1,1,2_8_12_5_6_15_1_2_1
1,256574,178977,17,66,0,0,11_17_66
1,307043,180386,7,21,0,0,7_7_21
1,132382,180469,16,60,60,60,10_16_60
1,132382,181792,21,90,90,90,15_21_90
1,370961,183438,18,72,0,0,12_18_72
1,132382,184525,17,66,66,66,11_17_66
1,132382,184708,18,72,72,72,12_18_72
1,132382,184982,16,60,60,60,10_16_60
1,132382,185434,15,54,54,54,9_15_54
1,220163,185478,7,21,0,0,7_7_21
1,227669,187469,11,45,0,0,5_11_30_6_6_15
1,315770,187790,11,45,0,0,5_11_30_6_6_15
1,132382,187805,16,60,60,60,10_16_60
1,132382,187937,10,24,24,24,4_10_24
1,552530,188296,11,45,0,0,5_11_30_6_6_15
1,690727,188557,13,57,0,0,7_13_42_6_6_15
1,317661,188971,7,21,0,0,7_7_21
1,434951,190243,15,69,0,0,9_15_54_6_6_15
1,334362,191469,8,27,0,0,2_8_12_6_6_15
1,132382,191662,9,18,18,18,3_9_18
1,613852,191885,14,48,0,0,8_14_48
1,401010,192421,19,93,0,0,13_19_78_6_6_15
1,132382,193882,7,6,6,6,1_7_6
1,234409,194427,7,21,0,0,7_7_21
1,950136,196286,17,66,0,0,11_17_66
1,368489,197038,12,51,0,0,6_12_36_6_6_15
1,212500,197657,8,27,0,0,2_8_12_6_6_15
1,266704,197863,20,84,0,0,14_20_84
1,261073,199758,8,27,0,0,2_8_12_6_6_15
1,499213,200162,17,81,0,0,11_17_66_6_6_15
1,132382,200979,13,42,42,42,7_13_42
1,132382,201986,13,42,42,42,7_13_42
1,625465,202369,9,33,0,0,3_9_18_6_6_15
1,356845,202974,25,129,0,0,19_25_114_6_6_15
1,571978,205486,17,81,0,0,11_17_66_6_6_15
1,132382,206647,14,48,48,48,8_14_48
1,551027,206750,18,87,0,0,12_18_72_6_6_15
1,980838,206947,12,36,0,0,12_12_36
1,132382,207052,10,24,24,24,4_10_24
1,423547,207572,8,27,0,0,2_8_12_6_6_15
1,132382,209922,11,30,30,30,5_11_30
1,132382,310721,13,42,42,42,7_13_42
1,132382,210757,10,24,24,24,4_10_24
1,132382,211938,10,24,24,0,4_10_24
1,297703,213278,7,21,0,0,7_7_21
1,266996,214314,18,87,0,0,12_18_72_6_6_15
1,132382,215124,12,36,36,36,6_12_36
1,260286,219972,11,42,0,0,5_11_27_6_6_15
1,445036,221980,7,21,0,0,7_7_21
1,655741,222696,7,21,0,0,7_7_21
1,132382,1487080,15,54,54,0,9_15_54
1,230594,224566,14,63,0,0,8_14_48_6_6_15
1,132382,224971,13,42,42,0,7_13_42
1,568545,225858,12,36,0,0,12_12_36
1,559794,229847,10,39,0,0,4_10_24_6_6_15
1,543209,232776,14,48,0,0,8_14_48
1,132382,235363,17,66,66,66,11_17_66
1,132382,235472,9,18,18,18,3_9_18
1,14351,237312,13,42,42,42,7_13_42
1,132382,239274,11,30,30,30,5_11_30
1,132382,244773,12,36,36,0,6_12_36
1,362111,244939,15,69,0,0,9_15_54_6_6_15
1,132382,245419,10,24,24,0,4_10_24
1,132382,246233,9,18,18,18,3_9_18
1,132382,250121,10,24,24,24,4_10_24
1,269688,252719,9,33,0,0,3_9_18_6_6_15
1,723964,255547,10,39,0,0,4_10_24_6_6_15
1,132382,428462,11,30,30,30,5_11_30
1,132382,258336,7,6,6,6,1_7_6
1,391728,258639,33,162,0,0,27_33_162
1,774507,259764,11,45,0,0,5_11_30_6_6_15
1,132382,408906,7,6,6,0,1_7_6
1,132382,361596,8,12,12,0,2_8_12
1,14351,263674,12,36,36,36,6_12_36
1,132382,272672,8,12,12,12,2_8_12
1,335528,272694,8,27,0,0,2_8_12_6_6_15
1,132382,274650,13,42,42,0,7_13_42
1,132382,275326,10,24,24,24,4_10_24
1,314745,280300,20,99,0,0,14_20_84_6_6_15
1,680401,280582,12,36,0,0,12_12_36
1,132382,280907,16,60,60,60,10_16_60
1,608687,280925,7,21,0,0,7_7_21
1,132382,283495,11,30,30,30,5_11_30
1,132382,284189,16,60,60,60,10_16_60
1,307194,284349,9,33,0,0,3_9_18_6_6_15
1,309522,284972,7,21,0,0,7_7_21
1,531096,286758,14,63,0,0,8_14_48_6_6_15
1,132382,287566,9,18,18,18,3_9_18
1,479163,287683,9,33,0,0,3_9_18_6_6_15
1,132382,289377,19,78,78,0,13_19_78
1,132382,289713,8,12,12,12,2_8_12
1,132382,862982,7,6,6,6,1_7_6
1,330835,296070,8,27,0,0,2_8_12_6_6_15
1,1131811,296411,33,162,0,0,27_33_162
1,132382,297779,7,6,6,6,1_7_6
1,417780,298279,7,21,0,0,7_7_21
1,344999,298410,7,21,0,0,7_7_21
1,541732,298859,8,27,0,0,2_8_12_6_6_15
1,132382,302039,7,6,6,6,1_7_6
1,528324,306412,12,51,0,0,6_12_36_6_6_15
1,647976,311519,7,21,0,0,7_7_21
1,357084,312822,8,27,0,0,2_8_12_6_6_15
1,680285,313437,7,21,0,0,7_7_21
1,450873,316964,7,21,0,0,7_7_21
1,847092,317762,8,27,0,0,2_8_12_6_6_15
1,681389,321122,7,21,0,0,7_7_21
1,334985,322100,11,45,0,0,5_11_30_6_6_15
1,132382,322320,14,48,48,0,8_14_48
1,555045,323524,8,27,0,0,2_8_12_6_6_15
1,132382,327317,10,24,24,24,4_10_24
1,632900,329759,13,42,0,0,7_13_42
1,132382,679900,9,18,18,18,3_9_18
1,350397,330355,7,21,0,0,7_7_21
1,504596,341303,7,21,0,0,7_7_21
1,417698,343422,12,51,0,0,6_12_36_6_6_15
1,398419,350805,13,42,0,0,7_13_42
1,876909,356594,16,60,0,0,10_16_60
1,132382,360344,9,18,18,18,3_9_18
1,468350,363640,13,42,0,0,7_13_42
1,395340,363818,8,27,0,0,2_8_12_6_6_15
1,132382,369789,7,6,6,6,1_7_6
1,132382,375704,11,30,30,30,5_11_30
1,746999,380466,8,27,0,0,2_8_12_6_6_15
1,132382,399563,14,48,48,48,8_14_48
1,451114,399984,8,26,0,0,4_8_20_4_4_6
1,132382,400806,9,18,18,0,3_9_18
1,1035076,403711,7,21,0,0,7_7_21
1,430614,411683,7,21,0,0,7_7_21
1,457616,416626,9,33,0,0,3_9_18_6_6_15
1,14351,421424,7,6,6,6,1_7_6
1,1330556,428984,7,21,0,0,7_7_21
1,132382,432247,10,24,24,24,4_10_24
1,132382,552072,7,6,6,6,1_7_6
1,499875,436159,7,21,0,0,7_7_21
1,494839,439212,7,21,0,0,7_7_21
1,132382,441113,16,60,60,0,10_16_60
1,132382,467121,8,12,12,12,2_8_12
1,764743,469741,12,36,0,0,12_12_36
1,706223,473583,7,21,0,0,7_7_21
1,132382,494339,14,48,48,48,8_14_48
1,779061,497024,9,33,0,0,3_9_18_6_6_15
1,547537,511348,7,21,0,0,7_7_21
1,132382,516246,12,36,36,36,6_12_36
1,132382,559752,7,6,6,6,1_7_6
1,1021980,586543,8,27,0,0,2_8_12_6_6_15
1,132382,593954,9,18,18,18,3_9_18
1,785265,597226,11,45,0,0,5_11_30_6_6_15
1,132382,600956,10,24,24,24,4_10_24
1,675220,602381,8,27,0,0,2_8_12_6_6_15
1,629662,616801,10,39,0,0,4_10_24_6_6_15
1,734959,673037,7,21,0,0,7_7_21
1,1044168,675522,12,36,0,0,12_12_36
1,698063,687016,8,27,0,0,2_8_12_6_6_15
1,132382,802807,8,12,12,12,2_8_12
1,1045581,968443,7,21,0,0,7_7_21
1,1220890,1212721,7,21,0,0,7_7_21
2,132382,1315012,24519,78806,13951,10662,9693_21921_49573_5190_9115_14735_1941_3996_5249_867_2260_2864_507_1352_1745_383_976_1318_276_699_929_195_547_648_132_370_461_100_281_359_73_186_251_63_164_221_45_123_144_26_70_88_15_41_42_8_23_35_9_13_24_3_14_11_2_9_10_2_9_10_1_6_5_2_8_10_4_10_18_5_12_16_4_15_12_3_12_15_2_10_9_1_5_4
2,132382,372216,12,51,0,0,6_12_36_6_6_15
2,132382,60,7,21,0,0,7_7_21
2,132382,296632,11,30,30,30,5_11_30
2,132382,225,7,21,0,0,7_7_21
2,132382,386,7,21,0,0,7_7_21
2,132382,21816,7,6,6,0,1_7_6
2,132382,1713814,8,27,0,0,2_8_12_6_6_15
2,132382,698,7,21,0,0,7_7_21
2,132382,123466,9,33,0,0,3_9_18_6_6_15
2,132382,28683,9,18,18,18,3_9_18
2,132382,1110,7,21,0,0,7_7_21
2,132382,749799,7,21,0,0,7_7_21
2,132382,1596180,8,27,0,0,2_8_12_6_6_15
2,132382,1723177,9,12,12,12,2_9_12
2,132382,205547,9,18,18,18,3_9_18
2,132382,193267,9,33,0,0,3_9_18_6_6_15
2,132382,172780,8,27,0,0,2_8_12_6_6_15
2,14351,676752,143,420,45,45,68_130_294_31_56_94_19_26_31_1_2_1
2,132382,129451,7,21,0,0,7_7_21
2,132382,674619,7,21,0,0,7_7_21
2,132382,91428,9,18,18,0,3_9_18
2,132382,656569,9,12,12,12,2_9_12
2,132382,2408,7,21,0,0,7_7_21
2,132382,2565,7,21,0,0,7_7_21
2,132382,2581,7,6,6,6,1_7_6
2,132382,416273,9,18,18,18,3_9_18
2,132382,2754,7,21,0,0,7_7_21
2,132382,2780,12,51,0,0,6_12_36_6_6_15
2,132382,1334982,7,6,6,6,1_7_6
2,132382,357554,7,21,0,0,7_7_21
2,132382,2875,7,21,0,0,7_7_21
2,132382,188190,8,27,0,0,2_8_12_6_6_15
2,132382,779334,7,21,0,0,7_7_21
2,132382,338398,7,6,6,6,1_7_6
2,132382,208810,13,42,0,0,7_13_42
2,132382,579080,7,21,0,0,7_7_21
2,132382,3206,8,27,0,0,2_8_12_6_6_15
2,132382,540203,8,12,12,0,2_8_12
2,132382,1335650,12,36,36,36,6_12_36
2,132382,607480,7,21,0,0,7_7_21
2,132382,1262317,7,6,6,6,1_7_6
2,132382,50734,8,27,0,0,2_8_12_6_6_15
2,132382,190140,10,18,18,18,3_10_18
2,132382,449977,11,45,0,0,5_11_30_6_6_15
2,132382,717133,8,27,0,0,2_8_12_6_6_15
2,132382,3701,9,33,0,0,3_9_18_6_6_15
2,132382,573430,10,39,0,0,4_10_24_6_6_15
2,132382,41579,9,33,0,0,3_9_18_6_6_15
2,132382,3895,7,21,0,0,7_7_21
2,132382,3947,13,42,42,42,7_13_42
2,132382,90537,7,6,6,0,1_7_6
2,132382,826035,9,33,0,0,3_9_18_6_6_15
2,132382,4095,9,33,0,0,3_9_18_6_6_15
2,132382,4100,12,51,0,0,6_12_36_6_6_15
2,132382,4248,8,12,12,12,2_8_12
2,132382,125933,12,51,0,0,6_12_36_6_6_15
2,132382,429316,9,33,0,0,3_9_18_6_6_15
2,132382,319345,10,34,1,1,3_9_18_5_6_15_1_2_1
2,132382,4621,31,104,2,2,17_30_76_12_14_27_1_2_1
2,132382,396965,7,21,0,0,7_7_21
2,132382,4669,7,21,0,0,7_7_21
2,132382,982095,9,32,0,0,3_9_17_6_6_15
2,132382,4895,11,45,0,0,5_11_30_6_6_15
2,132382,648596,9,18,18,18,3_9_18
2,132382,273138,9,33,0,0,3_9_18_6_6_15
2,132382,5020,7,21,0,0,7_7_21
2,132382,642543,10,24,24,0,4_10_24
2,132382,5140,8,12,12,12,2_8_12
2,132382,1796085,10,39,0,0,4_10_24_6_6_15
2,132382,5173,11,45,0,0,5_11_30_6_6_15
2,132382,1173859,7,21,0,0,7_7_21
2,132382,96506,10,24,24,24,4_10_24
2,132382,388994,13,42,0,0,7_13_42
2,132382,150926,8,27,0,0,2_8_12_6_6_15
2,132382,491683,11,45,0,0,5_11_30_6_6_15
2,132382,425736,8,22,1,1,6_7_21_1_2_1
2,132382,5667,21,90,0,0,15_21_90
2,132382,5689,9,33,0,0,3_9_18_6_6_15
2,132382,1328436,9,18,18,18,3_9_18
2,132382,384191,8,27,0,0,2_8_12_6_6_15
2,132382,6007,8,27,0,0,2_8_12_6_6_15
2,132382,1871189,8,27,0,0,2_8_12_6_6_15
2,132382,89071,10,39,0,0,4_10_24_6_6_15
2,132382,250825,11,30,30,30,5_11_30
2,132382,760795,8,12,12,0,2_8_12
2,132382,804050,12,36,36,36,6_12_36
2,132382,6250,9,33,0,0,3_9_18_6_6_15
2,132382,284568,14,42,42,42,7_14_42
2,132382,6467,8,27,0,0,2_8_12_6_6_15
2,132382,464792,10,39,0,0,4_10_24_6_6_15
2,132382,450780,12,36,0,0,12_12_36
2,132382,6620,7,21,0,0,7_7_21
2,132382,69279,10,36,0,0,5_10_26_5_5_10
2,132382,704560,10,39,0,0,4_10_24_6_6_15
2,132382,1526817,9,31,0,0,4_9_21_5_5_10
2,132382,228886,9,33,0,0,3_9_18_6_6_15
2,132382,81419,11,24,24,24,4_11_24
2,132382,485655,7,6,6,6,1_7_6
2,132382,501187,18,72,72,72,12_18_72
2,132382,627502,19,68,2,1,9_15_54_6_8_12_2_4_2
2,132382,96161,8,27,0,0,2_8_12_6_6_15
2,132382,7232,8,27,0,0,2_8_12_6_6_15
2,132382,90543,7,6,6,0,1_7_6
2,132382,451230,10,39,0,0,4_10_24_6_6_15
2,132382,7586,10,39,0,0,4_10_24_6_6_15
2,132382,133648,7,21,0,0,7_7_21
2,132382,79033,7,6,6,6,1_7_6
2,132382,989921,7,21,0,0,7_7_21
2,132382,238327,7,21,0,0,7_7_21
2,132382,755494,8,12,12,12,2_8_12
2,132382,151604,11,30,30,0,5_11_30
2,132382,18737,7,21,0,0,7_7_21
2,132382,857799,11,45,0,0,5_11_30_6_6_15
2,132382,1604098,7,21,0,0,7_7_21
2,132382,89153,22,58,9,9,4_16_24_6_11_26_4_5_4_1_5_4
2,132382,1325232,9,33,0,0,3_9_18_6_6_15
2,132382,435994,7,6,6,6,1_7_6
2,132382,274716,8,27,0,0,2_8_12_6_6_15
2,132382,8366,8,27,0,0,2_8_12_6_6_15
2,132382,8511,10,24,24,24,4_10_24
2,132382,8536,8,27,0,0,2_8_12_6_6_15
2,132382,198418,8,12,12,0,2_8_12
2,132382,868510,7,21,0,0,7_7_21
2,132382,78314,7,21,0,0,7_7_21
2,132382,1202726,7,6,6,6,1_7_6
2,132382,1177868,7,21,0,0,7_7_21
2,132382,1171885,7,21,0,0,7_7_21
2,132382,9186,7,21,0,0,7_7_21
2,132382,341154,10,24,24,0,4_10_24
2,14351,9495,8,27,0,0,2_8_12_6_6_15
2,132382,158346,9,33,0,0,3_9_18_6_6_15
2,132382,9595,14,48,0,0,8_14_48
2,132382,390856,9,33,0,0,3_9_18_6_6_15
2,132382,191221,7,21,0,0,7_7_21
2,132382,10015,8,27,0,0,2_8_12_6_6_15
2,132382,329740,9,33,0,0,3_9_18_6_6_15
2,132382,275765,7,6,6,6,1_7_6
2,132382,57743,8,27,0,0,2_8_12_6_6_15
2,132382,1137096,9,18,18,18,3_9_18
2,132382,247506,9,33,0,0,3_9_18_6_6_15
2,132382,518397,8,27,0,0,2_8_12_6_6_15
2,132382,277089,9,33,0,0,3_9_18_6_6_15
2,132382,569907,12,51,0,0,6_12_36_6_6_15
2,132382,474096,7,6,6,6,1_7_6
2,132382,513335,13,42,0,0,7_13_42
2,132382,846991,10,39,0,0,4_10_24_6_6_15
2,132382,61991,9,33,0,0,3_9_18_6_6_15
2,132382,267871,8,12,12,12,2_8_12
2,132382,60580,9,33,0,0,3_9_18_6_6_15
2,132382,146193,9,33,0,0,3_9_18_6_6_15
2,132382,11249,8,26,0,0,4_8_20_4_4_6
2,132382,11266,9,18,18,18,3_9_18
2,132382,11277,7,6,6,6,1_7_6
2,132382,67923,8,27,0,0,2_8_12_6_6_15
2,132382,81946,11,45,0,0,5_11_30_6_6_15
2,132382,11468,8,27,0,0,2_8_12_6_6_15
2,132382,11492,9,33,0,0,3_9_18_6_6_15
2,132382,11534,9,33,0,0,3_9_18_6_6_15
2,132382,11724,8,12,12,12,2_8_12
2,132382,403945,9,18,18,18,3_9_18
2,132382,11922,8,12,12,12,2_8_12
2,132382,254977,15,69,0,0,9_15_54_6_6_15
2,132382,255404,9,33,0,0,3_9_18_6_6_15
2,132382,100995,12,51,0,0,6_12_36_6_6_15
2,132382,188753,9,33,0,0,3_9_18_6_6_15
2,132382,177959,13,42,0,0,7_13_42
2,132382,41434,8,27,0,0,2_8_12_6_6_15
2,132382,12553,9,33,0,0,3_9_18_6_6_15
2,132382,12762,8,27,0,0,2_8_12_6_6_15
2,132382,804457,7,21,0,0,7_7_21
2,132382,12982,12,51,0,0,6_12_36_6_6_15
2,132382,279957,83,280,3,3,40_72_183_22_39_65_14_17_29_3_5_3
2,132382,61327,9,33,0,0,3_9_18_6_6_15
2,132382,13126,7,21,0,0,7_7_21
2,132382,174016,9,33,0,0,3_9_18_6_6_15
2,132382,1221576,28,107,1,1,13_25_78_11_14_27_3_4_2
2,132382,13290,8,27,0,0,2_8_12_6_6_15
2,132382,514416,8,12,12,12,2_8_12
2,132382,1494845,13,42,0,0,7_13_42
2,132382,37022,9,18,18,18,3_9_18
2,132382,13656,8,27,0,0,2_8_12_6_6_15
2,132382,13662,7,6,6,6,1_7_6
2,132382,307641,9,18,18,18,3_9_18
2,132382,13789,10,24,24,4,4_10_24
2,132382,13955,9,33,0,0,3_9_18_6_6_15
2,132382,13996,8,12,12,12,2_8_12
2,132382,131471,7,21,0,0,7_7_21
2,132382,53334,10,18,18,18,3_10_18
2,132382,1214722,7,21,0,0,7_7_21
2,132382,104827,8,22,1,1,6_7_21_1_2_1
2,132382,137534,9,18,18,18,3_9_18
2,132382,229999,10,39,0,0,4_10_24_6_6_15
2,132382,202574,8,27,0,0,2_8_12_6_6_15
2,132382,14294,8,27,0,0,2_8_12_6_6_15
2,132382,14297,8,26,0,0,4_8_20_4_4_6
2,132382,589933,11,37,1,1,5_11_27_5_5_10
2,132382,1163289,8,27,0,0,2_8_12_6_6_15
2,132382,43038,7,21,0,0,7_7_21
2,132382,66813,7,21,0,0,7_7_21
2,132382,14505,8,27,0,0,2_8_12_6_6_15
2,132382,14729,11,45,0,0,5_11_30_6_6_15
2,132382,14857,10,24,24,24,4_10_24
2,132382,1884905,8,12,12,12,2_8_12
2,132382,543150,7,21,0,0,7_7_21
2,132382,14918,10,24,24,24,4_10_24
2,132382,318468,7,21,0,0,7_7_21
2,132382,1385451,10,24,24,24,4_10_24
2,132382,596385,7,6,6,0,1_7_6
2,132382,227220,7,6,6,6,1_7_6
2,132382,16200,12,51,0,0,6_12_36_6_6_15
2,132382,436841,9,18,18,18,3_9_18
2,132382,1595350,7,21,0,0,7_7_21
2,132382,796678,11,45,0,0,5_11_30_6_6_15
2,132382,32396,11,24,24,24,4_11_24
2,132382,19329,10,24,24,24,4_10_24
2,132382,15615,11,45,0,0,5_11_30_6_6_15
2,132382,34919,7,21,0,0,7_7_21
2,132382,579732,9,33,0,0,3_9_18_6_6_15
2,132382,217371,11,45,0,0,5_11_30_6_6_15
2,132382,70985,8,27,0,0,2_8_12_6_6_15
2,35717,15809,7,21,0,0,7_7_21
2,132382,225167,10,24,24,24,4_10_24
2,132382,15908,16,54,0,0,5_16_28_10_11_26
2,132382,52148,7,6,6,6,1_7_6
2,132382,330468,12,24,24,24,4_12_24
2,132382,1411764,7,6,6,6,1_7_6
2,132382,16678,7,6,6,6,1_7_6
2,132382,1686228,8,27,0,0,2_8_12_6_6_15
2,132382,731598,8,12,12,12,2_8_12
2,132382,16785,8,23,2,2,5_7_20_2_3_3
2,132382,16797,9,18,18,18,3_9_18
2,132382,301171,13,42,0,0,7_13_42
2,132382,16927,7,21,0,0,7_7_21
2,132382,39871,11,30,30,30,5_11_30
2,132382,17257,9,33,0,0,3_9_18_6_6_15
2,132382,95167,7,21,0,0,7_7_21
2,132382,17536,7,6,6,6,1_7_6
2,132382,279244,7,21,0,0,7_7_21
2,132382,17371,7,21,0,0,7_7_21
2,132382,17390,8,27,0,0,2_8_12_6_6_15
2,132382,17430,10,34,1,1,3_9_18_5_6_15_1_2_1
2,132382,1095001,19,78,78,78,13_19_78
2,132382,77141,7,21,0,0,7_7_21
2,132382,21771,8,12,12,0,2_8_12
2,132382,17739,10,24,24,24,4_10_24
2,132382,18057,11,45,0,0,5_11_30_6_6_15
2,132382,692419,8,27,0,0,2_8_12_6_6_15
2,132382,134911,11,30,30,30,5_11_30
2,132382,18353,7,6,6,6,1_7_6
2,132382,142186,11,30,30,30,5_11_30
2,132382,18386,8,27,0,0,2_8_12_6_6_15
2,132382,1878091,7,21,0,0,7_7_21
2,132382,65702,26,120,0,0,20_26_120
2,132382,835285,7,21,0,0,7_7_21
2,132382,584882,7,21,0,0,7_7_21
2,132382,210757,21,70,0,0,12_19_56_7_9_13_2_2_1
2,132382,1184171,11,44,0,0,4_11_24_2_7_10_5_5_10
2,132382,1677222,7,21,0,0,7_7_21
2,132382,272186,7,21,0,0,7_7_21
2,132382,67515,7,21,0,0,7_7_21
2,132382,18940,7,21,0,0,7_7_21
2,132382,175081,8,27,0,0,2_8_12_6_6_15
2,132382,613504,14,46,0,0,9_14_40_5_5_6
2,132382,19381,7,6,6,6,1_7_6
2,132382,26469,16,53,0,0,8_16_37_8_8_16
2,132382,19383,10,24,24,24,4_10_24
2,132382,19395,14,43,0,0,12_14_42_2_2_1
2,132382,19403,9,18,18,18,3_9_18
2,132382,889010,14,48,48,48,8_14_48
2,132382,531313,7,6,6,6,1_7_6
2,132382,1046664,8,27,0,0,2_8_12_6_6_15
2,132382,1338284,10,39,0,0,4_10_24_6_6_15
2,132382,19675,20,86,0,0,3_14_17_1_6_5_1_6_5_1_6_5_1_6_5_1_6_5_2_8_10_2_8_10_3_8_15_5_5_9
2,132382,67094,23,76,0,0,11_23_51_10_12_24_2_2_1
2,132382,20132,8,27,0,0,2_8_12_6_6_15
2,132382,20155,11,45,0,0,5_11_30_6_6_15
2,132382,1138235,23,67,31,31,16_23_66_1_2_1
2,132382,270621,9,33,0,0,3_9_18_6_6_15
2,14351,20499,9,18,18,18,3_9_18
2,132382,363395,12,51,0,0,6_12_36_6_6_15
2,132382,544416,12,36,36,36,6_12_36
2,132382,20843,12,51,0,0,6_12_36_6_6_15
2,132382,584180,7,6,6,6,1_7_6
2,132382,248365,10,39,0,0,4_10_24_6_6_15
2,132382,801753,8,27,0,0,2_8_12_6_6_15
2,132382,21119,11,45,0,0,5_11_30_6_6_15
2,132382,21133,8,12,12,12,2_8_12
2,132382,21381,12,51,0,0,6_12_36_6_6_15
2,132382,1231303,7,6,6,6,1_7_6
2,132382,273006,7,21,0,0,7_7_21
2,132382,661878,8,27,0,0,2_8_12_6_6_15
2,132382,90611,12,36,36,36,6_12_36
2,132382,21703,14,28,24,24,4_10_24_1_5_4
2,132382,607448,10,39,0,0,4_10_24_6_6_15
2,132382,1729600,10,24,24,0,4_10_24
2,132382,21928,12,36,0,0,12_12_36
2,132382,22020,20,54,26,26,6_17_34_3_5_9_2_7_6_1_6_5
2,132382,22144,9,18,18,18,3_9_18
2,132382,22298,13,42,42,42,7_13_42
2,132382,22514,7,21,0,0,7_7_21
2,132382,241421,10,24,24,0,4_10_24
2,132382,126502,9,18,18,0,3_9_18
2,132382,22757,8,27,0,0,2_8_12_6_6_15
2,132382,618046,8,12,12,12,2_8_12
2,132382,69059,9,33,0,0,3_9_18_6_6_15
2,132382,1250404,13,42,0,0,7_13_42
2,132382,51986,7,6,6,6,1_7_6
2,132382,1838823,7,21,0,0,7_7_21
2,132382,551998,9,33,0,0,3_9_18_6_6_15
2,132382,30503,8,27,0,0,2_8_12_6_6_15
2,132382,924822,7,21,0,0,7_7_21
2,132382,1795465,13,25,20,4,5_13_25
2,132382,23811,9,33,0,0,3_9_18_6_6_15
2,132382,170836,8,27,0,0,2_8_12_6_6_15
2,132382,404937,12,36,36,36,6_12_36
2,132382,669131,7,21,0,0,7_7_21
2,132382,122218,7,21,0,0,7_7_21
2,132382,24396,10,39,0,0,4_10_24_6_6_15
2,132382,422744,8,27,0,0,2_8_12_6_6_15
2,132382,244483,8,12,12,12,2_8_12
2,132382,35166,8,27,0,0,2_8_12_6_6_15
2,132382,25071,10,39,0,0,4_10_24_6_6_15
2,132382,25089,7,6,6,1,1_7_6
2,132382,684600,8,27,0,0,2_8_12_6_6_15
2,132382,25163,7,21,0,0,7_7_21
2,132382,321214,13,42,0,0,7_13_42
2,132382,25396,8,27,0,0,2_8_12_6_6_15
2,132382,811564,7,6,6,6,1_7_6
2,132382,417046,7,21,0,0,7_7_21
2,132382,25776,7,21,0,0,7_7_21
2,132382,1923993,7,21,0,0,7_7_21
2,132382,299145,9,33,0,0,3_9_18_6_6_15
2,132382,25953,23,69,1,1,17_23_67_4_4_2
2,132382,536296,9,33,0,0,3_9_18_6_6_15
2,132382,26211,7,6,6,6,1_7_6
2,132382,26340,7,21,0,0,7_7_21
2,132382,26377,7,21,0,0,7_7_21
2,132382,1304037,8,27,0,0,2_8_12_6_6_15
2,132382,26784,10,39,0,0,4_10_24_6_6_15
2,132382,153746,7,21,0,0,7_7_21
2,132382,27040,7,21,0,0,7_7_21
2,132382,803658,8,12,12,12,2_8_12
2,132382,530019,7,21,0,0,7_7_21
2,132382,27235,7,6,6,6,1_7_6
2,132382,810726,24,54,14,14,11_24_51_4_4_3
2,132382,330094,7,21,0,0,7_7_21
2,132382,27435,7,21,0,0,7_7_21
2,132382,1728465,9,33,0,0,3_9_18_6_6_15
2,132382,27801,7,21,0,0,7_7_21
2,132382,27816,13,42,0,0,7_13_42
2,132382,1113351,12,36,36,36,6_12_36
2,132382,1791462,7,6,6,6,1_7_6
2,14351,205832,8,12,12,12,2_8_12
2,132382,93466,9,11,10,1,2_9_11
2,132382,28571,7,21,0,0,7_7_21
2,132382,28749,9,12,12,1,2_9_12
2,132382,1635278,9,18,18,18,3_9_18
2,132382,455417,11,45,0,0,5_11_30_6_6_15
2,132382,28934,7,6,6,6,1_7_6
2,132382,328409,8,26,0,0,4_8_20_4_4_6
2,132382,80673,8,27,0,0,2_8_12_6_6_15
2,132382,29390,10,39,0,0,4_10_24_6_6_15
2,132382,29402,13,42,0,0,7_13_42
2,132382,29404,10,39,0,0,4_10_24_6_6_15
2,132382,29501,7,21,0,0,7_7_21
2,132382,1343510,7,21,0,0,7_7_21
2,132382,663887,16,29,28,28,5_16_29
2,132382,549895,10,39,0,0,4_10_24_6_6_15
2,132382,30379,7,21,0,0,7_7_21
2,132382,46473,8,27,0,0,2_8_12_6_6_15
2,132382,30482,8,12,12,12,2_8_12
2,132382,30538,7,21,0,0,7_7_21
2,132382,752818,7,6,6,6,1_7_6
2,132382,113482,7,21,0,0,7_7_21
2,132382,1116055,10,36,0,0,4_10_21_6_6_15
2,132382,880268,7,6,6,6,1_7_6
2,132382,119505,7,21,0,0,7_7_21
2,132382,76162,8,12,12,12,2_8_12
2,132382,696789,9,33,0,0,3_9_18_6_6_15
2,132382,1748788,8,27,0,0,2_8_12_6_6_15
2,132382,31312,10,39,0,0,4_10_24_6_6_15
2,132382,97641,7,21,0,0,7_7_21
2,132382,60886,8,27,0,0,2_8_12_6_6_15
2,132382,31622,7,6,6,6,1_7_6
2,132382,609970,10,39,0,0,4_10_24_6_6_15
2,132382,31983,8,27,0,0,2_8_12_6_6_15
2,132382,268135,12,36,0,0,12_12_36
2,132382,695879,7,21,0,0,7_7_21
2,132382,32209,7,21,0,0,7_7_21
2,132382,257030,7,21,0,0,7_7_21
2,132382,384349,11,30,30,30,5_11_30
2,132382,145795,10,39,0,0,4_10_24_6_6_15
2,132382,1176809,17,59,1,1,3_15_17_2_7_9_3_5_9_1_4_3_1_6_5_5_6_15_1_2_1
2,132382,32376,8,27,0,0,2_8_12_6_6_15
2,132382,32430,8,27,0,0,2_8_12_6_6_15
2,132382,823395,12,51,0,0,6_12_36_6_6_15
2,132382,72642,8,12,12,12,2_8_12
2,132382,498155,8,27,0,0,2_8_12_6_6_15
2,132382,857831,10,38,0,0,4_10_23_6_6_15
2,132382,32790,9,33,0,0,3_9_18_6_6_15
2,132382,32855,8,22,1,1,6_7_21_1_2_1
2,132382,67273,7,6,6,0,1_7_6
2,132382,113829,7,21,0,0,7_7_21
2,132382,52300,9,33,0,0,3_9_18_6_6_15
2,132382,575676,7,6,6,6,1_7_6
2,132382,241185,7,21,0,0,7_7_21
2,132382,393585,10,39,0,0,4_10_24_6_6_15
2,132382,33297,10,39,0,0,4_10_24_6_6_15
2,132382,255195,8,27,0,0,2_8_12_6_6_15
2,132382,936677,7,21,0,0,7_7_21
2,132382,952322,7,21,0,0,7_7_21
2,132382,214233,10,24,24,24,4_10_24
2,132382,33482,10,24,24,0,4_10_24
2,132382,418491,11,37,1,1,4_10_24_6_7_13
2,132382,256843,8,26,0,0,4_8_20_4_4_6
2,132382,84244,9,33,0,0,3_9_18_6_6_15
2,132382,849978,7,21,0,0,7_7_21
2,132382,609608,8,27,0,0,2_8_12_6_6_15
2,132382,52690,14,48,0,0,8_14_48
2,132382,34010,10,24,24,24,4_10_24
2,132382,469766,9,18,18,18,3_9_18
2,132382,34277,12,36,0,0,12_12_36
2,132382,1656886,7,6,6,6,1_7_6
2,132382,177865,14,48,0,0,8_14_48
2,132382,34483,14,48,0,0,8_14_48
2,132382,1722157,7,21,0,0,7_7_21
2,132382,34579,8,12,12,0,2_8_12
2,132382,34585,7,21,0,0,7_7_21
2,132382,34632,7,21,0,0,7_7_21
2,132382,34696,7,21,0,0,7_7_21
2,132382,34719,12,36,0,0,12_12_36
2,132382,354156,11,30,30,0,5_11_30
2,132382,34822,7,21,0,0,7_7_21
2,132382,499352,11,45,0,0,5_11_30_6_6_15
2,132382,138896,7,6,6,6,1_7_6
2,132382,559168,9,33,0,0,3_9_18_6_6_15
2,132382,1885707,7,21,0,0,7_7_21
2,132382,187435,11,45,0,0,5_11_30_6_6_15
2,132382,99005,8,27,0,0,2_8_12_6_6_15
2,132382,35787,7,21,0,0,7_7_21
2,132382,95431,10,39,0,0,4_10_24_6_6_15
2,132382,1423957,8,27,0,0,2_8_12_6_6_15
2,132382,129672,21,70,0,0,13_20_63_7_8_7
2,132382,36314,7,6,6,6,1_7_6
2,132382,204064,8,27,0,0,2_8_12_6_6_15
2,132382,620488,7,21,0,0,7_7_21
2,132382,68743,9,22,2,2,7_9_22
2,132382,570955,10,39,0,0,4_10_24_6_6_15
2,132382,37067,8,27,0,0,2_8_12_6_6_15
2,132382,37107,14,48,48,48,8_14_48
2,132382,684621,7,21,0,0,7_7_21
2,132382,249934,13,42,42,42,7_13_42
2,132382,582191,9,33,0,0,3_9_18_6_6_15
2,132382,376407,9,18,18,18,3_9_18
2,132382,37819,13,42,0,0,7_13_42
2,132382,203592,7,6,6,6,1_7_6
2,132382,1148769,7,21,0,0,7_7_21
2,132382,369582,8,27,0,0,2_8_12_6_6_15
2,132382,38542,9,33,0,0,3_9_18_6_6_15
2,132382,38606,7,21,0,0,7_7_21
2,132382,766109,7,6,6,6,1_7_6
2,132382,717168,9,33,0,0,3_9_18_6_6_15
2,132382,38978,7,21,0,0,7_7_21
2,132382,1666917,8,27,0,0,2_8_12_6_6_15
2,132382,39087,7,21,0,0,7_7_21
2,132382,39113,7,6,6,6,1_7_6
2,132382,39134,9,33,0,0,3_9_18_6_6_15
2,14351,39156,13,57,0,0,7_13_42_6_6_15
2,132382,39243,15,54,54,0,9_15_54
2,132382,248067,8,27,0,0,2_8_12_6_6_15
2,132382,663587,7,6,6,6,1_7_6
2,132382,299227,8,12,12,12,2_8_12
2,132382,39436,9,33,0,0,3_9_18_6_6_15
2,132382,39710,9,18,18,18,3_9_18
2,132382,39900,10,24,24,24,4_10_24
2,132382,154993,25,90,0,0,13_25_62_7_12_25_3_3_3
2,132382,238009,13,42,0,0,7_13_42
2,132382,1795352,8,27,0,0,2_8_12_6_6_15
2,132382,40375,7,21,0,0,7_7_21
2,132382,40593,7,21,0,0,7_7_21
2,132382,404498,9,18,18,18,3_9_18
2,132382,470192,7,21,0,0,7_7_21
2,132382,167046,11,45,0,0,5_11_30_6_6_15
2,132382,406034,8,22,1,0,6_7_21_1_2_1
2,132382,41426,13,57,0,0,7_13_42_6_6_15
2,132382,275867,12,36,36,36,6_12_36
2,132382,312573,8,12,12,12,2_8_12
2,132382,41853,8,26,0,0,4_8_20_4_4_6
2,132382,1729731,7,21,0,0,7_7_21
2,132382,41925,7,21,0,0,7_7_21
2,132382,42062,18,73,0,0,10_16_60_6_8_12_2_2_1
2,132382,42084,9,33,0,0,3_9_18_6_6_15
2,132382,545793,7,21,0,0,7_7_21
2,132382,48685,7,21,0,0,7_7_21
2,132382,1649308,27,103,2,2,10_26_56_9_15_30_4_8_14_3_3_3
2,132382,73256,9,33,0,0,3_9_18_6_6_15
2,132382,908250,10,12,12,12,2_10_12
2,132382,633409,10,33,1,1,3_10_18_6_6_15
2,132382,1575055,7,21,0,0,7_7_21
2,132382,728675,11,45,0,0,5_11_30_6_6_15
2,132382,42997,8,27,0,0,2_8_12_6_6_15
2,132382,1153660,10,39,0,0,4_10_24_6_6_15
2,132382,125773,7,21,0,0,7_7_21
2,132382,525936,8,27,0,0,2_8_12_6_6_15
2,132382,73243,7,21,0,0,7_7_21
2,132382,43567,7,21,0,0,7_7_21
2,132382,43640,7,6,6,6,1_7_6
2,132382,72059,7,6,6,6,1_7_6
2,132382,334634,7,21,0,0,7_7_21
2,132382,624061,7,21,0,0,7_7_21
2,132382,104866,9,18,18,18,3_9_18
2,132382,130872,8,27,0,0,2_8_12_6_6_15
2,132382,44177,8,27,0,0,2_8_12_6_6_15
2,132382,44228,8,27,0,0,2_8_12_6_6_15
2,132382,44272,7,21,0,0,7_7_21
2,132382,44299,10,39,0,0,4_10_24_6_6_15
2,132382,330294,7,21,0,0,7_7_21
2,132382,620181,16,54,54,1,9_16_54
2,132382,1132603,8,27,0,0,2_8_12_6_6_15
2,132382,44870,9,12,12,12,2_9_12
2,132382,45045,10,39,0,0,4_10_24_6_6_15
2,132382,314633,7,21,0,0,7_7_21
2,132382,389320,7,6,6,6,1_7_6
2,132382,688217,10,39,0,0,4_10_24_6_6_15
2,132382,98768,7,21,0,0,7_7_21
2,132382,485550,9,18,18,18,3_9_18
2,132382,253890,11,45,0,0,5_11_30_6_6_15
2,132382,1861263,15,58,0,0,3_7_15_3_11_15_4_9_19_5_5_9
2,132382,173061,7,21,0,0,7_7_21
2,132382,46840,8,12,12,12,2_8_12
2,132382,81988,7,21,0,0,7_7_21
2,132382,1029911,8,12,12,12,2_8_12
2,132382,655539,7,21,0,0,7_7_21
2,132382,47404,7,21,0,0,7_7_21
2,132382,47408,7,6,6,5,1_7_6
2,132382,47672,7,6,6,6,1_7_6
2,132382,346226,8,27,0,0,2_8_12_6_6_15
2,132382,47878,8,27,0,0,2_8_12_6_6_15
2,132382,88121,8,27,0,0,2_8_12_6_6_15
2,132382,1415651,15,54,0,0,9_15_54
2,132382,249847,11,45,0,0,5_11_30_6_6_15
2,132382,48215,8,12,12,2,2_8_12
2,132382,48674,8,27,0,0,2_8_12_6_6_15
2,132382,129507,7,6,6,6,1_7_6
2,132382,88835,8,27,0,0,2_8_12_6_6_15
2,132382,232993,7,21,0,0,7_7_21
2,132382,48984,8,12,12,12,2_8_12
2,132382,114126,7,21,0,0,7_7_21
2,132382,919193,7,21,0,0,7_7_21
2,132382,189974,7,6,6,6,1_7_6
2,132382,49457,11,30,30,0,5_11_30
2,132382,684730,7,21,0,0,7_7_21
2,132382,49573,9,31,0,0,4_9_21_5_5_10
2,132382,49634,8,27,0,0,2_8_12_6_6_15
2,132382,103557,7,6,6,6,1_7_6
2,132382,49888,9,33,0,0,3_9_18_6_6_15
2,132382,50136,7,21,0,0,7_7_21
2,132382,107677,13,18,18,18,3_13_18
2,132382,50762,8,27,0,0,2_8_12_6_6_15
2,132382,239946,7,21,0,0,7_7_21
2,132382,221208,12,35,34,34,6_12_35
2,132382,51021,8,12,12,12,2_8_12
2,132382,51081,9,33,0,0,3_9_18_6_6_15
2,132382,446847,7,21,0,0,7_7_21
2,132382,51307,8,27,0,0,2_8_12_6_6_15
2,132382,53093,8,27,0,0,2_8_12_6_6_15
2,132382,340556,7,6,6,6,1_7_6
2,132382,51503,8,27,0,0,2_8_12_6_6_15
2,132382,51749,7,21,0,0,7_7_21
2,132382,1673195,7,6,6,6,1_7_6
2,132382,372554,7,6,6,6,1_7_6
2,132382,456580,7,21,0,0,7_7_21
2,132382,80050,8,27,0,0,2_8_12_6_6_15
2,132382,52407,7,21,0,0,7_7_21
2,132382,52573,8,27,0,0,2_8_12_6_6_15
2,132382,52709,8,12,12,12,2_8_12
2,132382,214370,7,21,0,0,7_7_21
2,132382,770718,9,33,0,0,3_9_18_6_6_15
2,132382,1108144,10,39,0,0,4_10_24_6_6_15
2,132382,72901,10,39,0,0,4_10_24_6_6_15
2,132382,169342,7,21,0,0,7_7_21
2,132382,53350,12,36,36,0,6_12_36
2,132382,1840910,13,57,0,0,7_13_42_6_6_15
2,132382,1075463,10,24,24,24,4_10_24
2,132382,53666,7,21,0,0,7_7_21
2,132382,176577,7,21,0,0,7_7_21
2,132382,53897,8,26,0,0,4_8_20_4_4_6
2,132382,933921,7,6,6,0,1_7_6
2,132382,54210,8,27,0,0,2_8_12_6_6_15
2,132382,815093,8,27,0,0,2_8_12_6_6_15
2,132382,1916604,7,21,0,0,7_7_21
2,132382,977833,15,29,28,3,5_15_29
2,132382,549666,8,12,12,0,2_8_12
2,132382,55075,9,33,0,0,3_9_18_6_6_15
2,132382,291534,9,33,0,0,3_9_18_6_6_15
2,132382,938958,8,12,12,12,2_8_12
2,132382,55859,11,24,24,24,4_11_24
2,132382,55869,8,27,0,0,2_8_12_6_6_15
2,132382,131524,9,18,18,18,3_9_18
2,132382,362737,8,12,12,12,2_8_12
2,132382,314979,7,21,0,0,7_7_21
2,132382,1731516,7,21,0,0,7_7_21
2,132382,56431,12,36,0,0,12_12_36
2,132382,109454,7,21,0,0,7_7_21
2,132382,56723,7,21,0,0,7_7_21
2,132382,673505,18,87,0,0,12_18_72_6_6_15
2,132382,137585,24,83,1,1,15_22_75_7_9_8
2,132382,57266,7,21,0,0,7_7_21
2,132382,57270,9,33,0,0,3_9_18_6_6_15
2,132382,318811,10,24,24,24,4_10_24
2,132382,278485,7,6,6,0,1_7_6
2,132382,1492240,11,30,30,30,5_11_30
2,132382,282977,7,6,6,6,1_7_6
2,132382,57774,8,27,0,0,2_8_12_6_6_15
2,132382,58355,7,6,6,6,1_7_6
2,132382,64658,7,21,0,0,7_7_21
2,132382,58371,7,21,0,0,7_7_21
2,132382,58487,10,39,0,0,4_10_24_6_6_15
2,132382,205144,7,21,0,0,7_7_21
2,132382,1316746,9,33,0,0,3_9_18_6_6_15
2,132382,59444,7,21,0,0,7_7_21
2,132382,1647126,13,57,0,0,7_13_42_6_6_15
2,132382,143387,7,21,0,0,7_7_21
2,132382,1851037,11,45,0,0,5_11_30_6_6_15
2,132382,59743,8,12,12,12,2_8_12
2,132382,59865,9,18,18,18,3_9_18
2,132382,245902,9,33,0,0,3_9_18_6_6_15
2,132382,60033,7,6,6,6,1_7_6
2,132382,195278,7,21,0,0,7_7_21
2,132382,64222,18,41,40,40,7_18_41
2,132382,537845,11,30,30,30,5_11_30
2,132382,358679,7,21,0,0,7_7_21
2,132382,130195,12,36,0,0,12_12_36
2,132382,496839,7,21,0,0,7_7_21
2,132382,1613510,7,21,0,0,7_7_21
2,132382,366411,7,21,0,0,7_7_21
2,132382,61239,7,21,0,0,7_7_21
2,132382,674934,11,24,24,1,4_11_24
2,132382,257137,8,27,0,0,2_8_12_6_6_15
2,132382,62605,7,21,0,0,7_7_21
2,132382,126952,9,27,1,1,4_8_20_4_5_7
2,132382,63335,9,33,0,0,3_9_18_6_6_15
2,132382,146378,7,21,0,0,7_7_21
2,14351,139413,8,27,0,0,2_8_12_6_6_15
2,132382,647029,7,6,6,6,1_7_6
2,132382,89183,12,18,18,2,3_12_18
2,132382,63769,7,6,6,6,1_7_6
2,132382,63940,7,21,0,0,7_7_21
2,132382,412015,13,57,0,0,7_13_42_6_6_15
2,132382,64024,12,46,1,1,5_11_30_5_6_15_1_2_1
2,132382,717931,8,12,12,0,2_8_12
2,132382,882873,7,21,0,0,7_7_21
2,132382,1228245,10,39,0,0,4_10_24_6_6_15
2,132382,370579,10,24,24,0,4_10_24
2,132382,629208,8,27,0,0,2_8_12_6_6_15
2,132382,915428,7,21,0,0,7_7_21
2,132382,65249,7,21,0,0,7_7_21
2,132382,65383,11,45,0,0,5_11_30_6_6_15
2,132382,806204,12,36,0,0,12_12_36
2,132382,1331344,8,27,0,0,2_8_12_6_6_15
2,132382,392410,7,6,6,0,1_7_6
2,132382,962352,8,27,0,0,2_8_12_6_6_15
2,132382,66451,7,21,0,0,7_7_21
2,132382,66778,7,21,0,0,7_7_21
2,132382,66836,7,6,6,6,1_7_6
2,132382,320790,20,57,19,19,7_20_41_5_6_15_1_2_1
2,132382,67101,10,24,24,24,4_10_24
2,132382,118565,8,12,12,12,2_8_12
2,132382,67183,7,21,0,0,7_7_21
2,132382,67298,11,45,0,0,5_11_30_6_6_15
2,132382,67489,9,33,0,0,3_9_18_6_6_15
2,132382,67615,7,21,0,0,7_7_21
2,132382,1763786,20,52,20,20,6_19_36_5_6_14_1_3_2
2,132382,67907,7,21,0,0,7_7_21
2,132382,89871,10,24,24,24,4_10_24
2,132382,68109,7,21,0,0,7_7_21
2,132382,1265123,11,45,0,0,5_11_30_6_6_15
2,132382,1842554,7,21,0,0,7_7_21
2,132382,68314,11,45,0,0,5_11_30_6_6_15
2,132382,68354,7,21,0,0,7_7_21
2,132382,135178,12,51,0,0,6_12_36_6_6_15
2,132382,68474,10,24,24,0,4_10_24
2,132382,307258,13,12,12,12,2_13_12
2,132382,68569,7,21,0,0,7_7_21
2,132382,68630,7,21,0,0,7_7_21
2,132382,772471,8,27,0,0,2_8_12_6_6_15
2,132382,203580,8,12,12,12,2_8_12
2,132382,69511,13,52,0,0,5_12_28_1_5_4_2_7_10_5_5_10
2,132382,259563,11,41,0,0,6_11_31_5_5_10
2,132382,228893,10,33,1,1,3_10_18_6_6_15
2,132382,946584,7,21,0,0,7_7_21
2,14351,740949,13,47,1,1,6_12_36_6_7_11
2,132382,86666,8,27,0,0,2_8_12_6_6_15
2,132382,248324,12,51,0,0,6_12_36_6_6_15
2,132382,346089,7,6,6,6,1_7_6
2,132382,734656,15,54,0,0,9_15_54
2,132382,71581,8,12,12,12,2_8_12
2,132382,71606,14,48,0,0,8_14_48
2,132382,71711,8,27,0,0,2_8_12_6_6_15
2,132382,629067,8,27,0,0,2_8_12_6_6_15
2,132382,470766,7,6,6,6,1_7_6
2,132382,698083,17,61,1,1,9_15_54_6_7_6_1_2_1
2,132382,72269,7,6,6,0,1_7_6
2,132382,120621,7,21,0,0,7_7_21
2,132382,72714,7,6,6,6,1_7_6
2,132382,72899,9,33,0,0,3_9_18_6_6_15
2,132382,73069,7,6,6,6,1_7_6
2,132382,337608,8,12,12,12,2_8_12
2,132382,678473,7,21,0,0,7_7_21
2,132382,496971,8,27,0,0,2_8_12_6_6_15
2,132382,73802,9,18,18,18,3_9_18
2,14351,73905,8,27,0,0,2_8_12_6_6_15
2,89883,74046,8,27,0,0,2_8_12_6_6_15
2,132382,74083,14,48,48,48,8_14_48
2,132382,74119,7,21,0,0,7_7_21
2,132382,74236,7,21,0,0,7_7_21
2,132382,737274,8,27,0,0,2_8_12_6_6_15
2,132382,1091677,7,21,0,0,7_7_21
2,132382,583670,10,39,0,0,4_10_24_6_6_15
2,132382,278336,8,27,0,0,2_8_12_6_6_15
2,132382,75808,9,18,18,18,3_9_18
2,132382,76027,9,33,0,0,3_9_18_6_6_15
2,157494,157494,7,21,0,0,7_7_21
2,132382,601804,8,12,12,0,2_8_12
2,132382,1894187,7,21,0,0,7_7_21
2,132382,76790,8,27,0,0,2_8_12_6_6_15
2,132382,77933,9,33,0,0,3_9_18_6_6_15
2,132382,428111,12,51,0,0,6_12_36_6_6_15
2,132382,513707,8,27,0,0,2_8_12_6_6_15
2,132382,1324222,9,33,0,0,3_9_18_6_6_15
2,132382,357002,8,27,0,0,2_8_12_6_6_15
2,132382,78562,7,6,6,6,1_7_6
2,132382,439709,7,21,0,0,7_7_21
2,132382,193757,15,54,54,54,9_15_54
2,132382,897508,9,32,0,0,4_9_22_5_5_10
2,132382,79237,10,39,0,0,4_10_24_6_6_15
2,132382,821890,8,27,0,0,2_8_12_6_6_15
2,132382,975554,8,12,12,12,2_8_12
2,132382,79587,8,27,0,0,2_8_12_6_6_15
2,132382,193228,7,21,0,0,7_7_21
2,132382,79813,10,39,0,0,4_10_24_6_6_15
2,132382,512083,7,6,6,6,1_7_6
2,132382,559909,7,6,6,6,1_7_6
2,132382,79892,12,36,36,36,6_12_36
2,132382,162152,7,21,0,0,7_7_21
2,132382,598974,9,18,18,0,3_9_18
2,132382,1199617,8,27,0,0,2_8_12_6_6_15
2,132382,386500,8,27,0,0,2_8_12_6_6_15
2,132382,115913,12,51,0,0,6_12_36_6_6_15
2,132382,258513,12,36,36,0,6_12_36
2,132382,81196,7,21,0,0,7_7_21
2,132382,117372,8,27,0,0,2_8_12_6_6_15
2,132382,183740,7,21,0,0,7_7_21
2,132382,81772,9,33,0,0,3_9_18_6_6_15
2,132382,81817,8,22,1,1,6_7_21_1_2_1
2,132382,82115,7,6,6,6,1_7_6
2,132382,1350362,11,45,0,0,5_11_30_6_6_15
2,132382,1067674,8,27,0,0,2_8_12_6_6_15
2,132382,612296,8,27,0,0,2_8_12_6_6_15
2,132382,400027,9,12,12,12,2_9_12
2,132382,89749,8,26,0,0,4_8_20_4_4_6
2,132382,82809,7,21,0,0,7_7_21
2,132382,236534,9,12,12,1,2_9_12
2,132382,664749,7,6,6,6,1_7_6
2,132382,1571317,8,27,0,0,2_8_12_6_6_15
2,132382,511212,8,27,0,0,2_8_12_6_6_15
2,132382,195168,8,12,12,12,2_8_12
2,132382,121106,7,21,0,0,7_7_21
2,132382,84624,7,21,0,0,7_7_21
2,132382,1636528,10,39,0,0,4_10_24_6_6_15
2,132382,85151,8,26,0,0,4_8_20_4_4_6
2,132382,1179528,7,21,0,0,7_7_21
2,132382,108307,8,27,0,0,2_8_12_6_6_15
2,132382,85646,8,27,0,0,2_8_12_6_6_15
2,132382,505434,9,33,0,0,3_9_18_6_6_15
2,132382,133514,8,27,0,0,2_8_12_6_6_15
2,132382,158537,7,21,0,0,7_7_21
2,132382,86315,8,27,0,0,2_8_12_6_6_15
2,132382,86464,7,21,0,0,7_7_21
2,132382,86645,9,33,0,0,3_9_18_6_6_15
2,132382,165339,7,6,6,6,1_7_6
2,132382,823658,9,27,1,1,4_8_20_4_5_7
2,132382,87157,7,21,0,0,7_7_21
2,132382,87495,7,21,0,0,7_7_21
2,132382,87626,7,21,0,0,7_7_21
2,132382,1028826,7,21,0,0,7_7_21
2,132382,87667,7,21,0,0,7_7_21
2,132382,313170,9,33,0,0,3_9_18_6_6_15
2,132382,335417,11,30,30,30,5_11_30
2,132382,267528,7,21,0,0,7_7_21
2,132382,1879184,11,45,0,0,5_11_30_6_6_15
2,132382,285904,10,24,24,0,4_10_24
2,132382,88619,7,21,0,0,7_7_21
2,132382,88797,9,18,18,18,3_9_18
2,132382,914924,7,21,0,0,7_7_21
2,132382,89165,8,27,0,0,2_8_12_6_6_15
2,132382,89439,7,6,6,6,1_7_6
2,132382,381082,8,12,12,12,2_8_12
2,132382,1375975,7,6,6,6,1_7_6
2,132382,89954,7,21,0,0,7_7_21
2,132382,391914,9,18,18,18,3_9_18
2,14351,90525,13,42,42,42,7_13_42
2,132382,90736,7,21,0,0,7_7_21
2,132382,90775,7,21,0,0,7_7_21
2,132382,971735,9,18,18,18,3_9_18
2,132382,239235,9,33,0,0,3_9_18_6_6_15
2,132382,91556,7,21,0,0,7_7_21
2,132382,1834783,8,26,0,0,4_8_20_4_4_6
2,132382,1406110,7,21,0,0,7_7_21
2,132382,144523,7,21,0,0,7_7_21
2,132382,92024,9,18,18,18,3_9_18
2,132382,92271,10,39,0,0,4_10_24_6_6_15
2,132382,587277,8,12,12,0,2_8_12
2,132382,92761,9,18,18,18,3_9_18
2,132382,370019,7,6,6,2,1_7_6
2,132382,1170147,7,6,6,6,1_7_6
2,132382,150955,7,21,0,0,7_7_21
2,132382,93637,7,6,6,6,1_7_6
2,132382,93657,11,40,1,1,4_10_24_5_6_15_1_2_1
2,132382,210038,7,21,0,0,7_7_21
2,132382,330068,8,27,0,0,2_8_12_6_6_15
2,132382,259691,7,6,6,0,1_7_6
2,132382,1864896,7,21,0,0,7_7_21
2,132382,207197,7,6,6,6,1_7_6
2,132382,299171,11,45,0,0,5_11_30_6_6_15
2,132382,95259,10,39,0,0,4_10_24_6_6_15
2,132382,95368,7,21,0,0,7_7_21
2,132382,104105,7,21,0,0,7_7_21
2,132382,261388,7,21,0,0,7_7_21
2,132382,190218,8,27,0,0,2_8_12_6_6_15
2,132382,653992,7,21,0,0,7_7_21
2,132382,1428524,12,36,0,0,12_12_36
2,132382,96777,11,30,30,30,5_11_30
2,132382,103484,7,6,6,6,1_7_6
2,132382,130903,7,6,6,6,1_7_6
2,132382,97282,7,21,0,0,7_7_21
2,132382,791688,10,39,0,0,4_10_24_6_6_15
2,132382,210755,12,36,36,36,6_12_36
2,132382,492304,10,39,0,0,4_10_24_6_6_15
2,132382,388906,12,51,0,0,6_12_36_6_6_15
2,132382,98011,7,21,0,0,7_7_21
2,132382,254154,7,21,0,0,7_7_21
2,132382,98404,8,27,0,0,2_8_12_6_6_15
2,132382,204114,7,6,6,6,1_7_6
2,132382,297449,8,27,0,0,2_8_12_6_6_15
2,132382,1666934,9,18,18,18,3_9_18
2,132382,135467,8,12,12,12,2_8_12
2,132382,280874,8,27,0,0,2_8_12_6_6_15
2,132382,1861665,9,33,0,0,3_9_18_6_6_15
2,132382,100097,7,21,0,0,7_7_21
2,132382,145197,7,6,6,0,1_7_6
2,132382,100187,8,27,0,0,2_8_12_6_6_15
2,132382,100329,8,27,0,0,2_8_12_6_6_15
2,132382,463989,12,51,0,0,6_12_36_6_6_15
2,132382,774052,7,6,6,6,1_7_6
2,132382,1113212,7,21,0,0,7_7_21
2,132382,657236,7,21,0,0,7_7_21
2,132382,291808,7,21,0,0,7_7_21
2,132382,102299,7,21,0,0,7_7_21
2,132382,286561,7,21,0,0,7_7_21
2,132382,102356,10,39,0,0,4_10_24_6_6_15
2,132382,1348396,7,21,0,0,7_7_21
2,132382,102634,8,27,0,0,2_8_12_6_6_15
2,132382,244442,11,45,0,0,5_11_30_6_6_15
2,132382,1718387,8,27,0,0,2_8_12_6_6_15
2,132382,1595389,9,33,0,0,3_9_18_6_6_15
2,60120,519924,10,39,0,0,4_10_24_6_6_15
2,132382,189765,9,33,0,0,3_9_18_6_6_15
2,132382,1031804,8,27,0,0,2_8_12_6_6_15
2,132382,271799,8,12,12,12,2_8_12
2,132382,1401242,9,33,0,0,3_9_18_6_6_15
2,132382,105258,7,21,0,0,7_7_21
2,132382,181411,7,21,0,0,7_7_21
2,132382,218591,7,6,6,6,1_7_6
2,132382,789441,7,21,0,0,7_7_21
2,132382,1123134,7,21,0,0,7_7_21
2,132382,615505,8,12,12,12,2_8_12
2,132382,107569,12,36,0,0,12_12_36
2,132382,108985,8,27,0,0,2_8_12_6_6_15
2,132382,154194,7,6,6,6,1_7_6
2,132382,109330,7,21,0,0,7_7_21
2,132382,319397,7,6,6,6,1_7_6
2,132382,1155523,7,21,0,0,7_7_21
2,132382,510989,7,21,0,0,7_7_21
2,132382,516704,10,18,18,18,3_10_18
2,132382,574353,7,6,6,6,1_7_6
2,132382,164716,8,27,0,0,2_8_12_6_6_15
2,132382,113314,14,17,15,15,2_10_12_1_6_5
2,132382,112725,7,21,0,0,7_7_21
2,132382,332848,9,33,0,0,3_9_18_6_6_15
2,132382,113950,7,21,0,0,7_7_21
2,132382,1741229,7,21,0,0,7_7_21
2,132382,114559,7,21,0,0,7_7_21
2,132382,178308,8,27,0,0,2_8_12_6_6_15
2,132382,416752,7,21,0,0,7_7_21
2,132382,319281,8,27,0,0,2_8_12_6_6_15
2,132382,1145097,8,27,0,0,2_8_12_6_6_15
2,132382,1432462,7,21,0,0,7_7_21
2,132382,250646,8,12,12,12,2_8_12
2,132382,129637,9,18,18,18,3_9_18
2,14351,191453,9,33,0,0,3_9_18_6_6_15
2,132382,117162,8,12,12,12,2_8_12
2,132382,1415492,10,39,0,0,4_10_24_6_6_15
2,132382,1073721,7,6,6,6,1_7_6
2,132382,1522277,10,36,0,0,5_10_26_5_5_10
2,132382,117669,10,24,24,24,4_10_24
2,132382,436495,7,6,6,6,1_7_6
2,132382,235568,8,27,0,0,2_8_12_6_6_15
2,340857,118990,12,36,0,0,12_12_36
2,132382,119758,7,21,0,0,7_7_21
2,132382,119788,9,28,1,1,2_8_12_5_6_15_1_2_1
2,132382,119936,9,18,18,18,3_9_18
2,132382,120310,8,12,12,12,2_8_12
2,132382,120732,7,21,0,0,7_7_21
2,132382,120750,8,27,0,0,2_8_12_6_6_15
2,132382,120969,7,6,6,6,1_7_6
2,132382,1636489,7,21,0,0,7_7_21
2,132382,197726,7,6,6,6,1_7_6
2,132382,177389,7,21,0,0,7_7_21
2,132382,381532,8,27,0,0,2_8_12_6_6_15
2,132382,1151055,7,6,6,1,1_7_6
2,132382,1019405,7,6,6,6,1_7_6
2,132382,449785,7,21,0,0,7_7_21
2,14351,1022222,11,11,10,2,2_11_11
2,132382,454050,14,48,0,0,8_14_48
2,132382,233236,7,6,6,6,1_7_6
2,132382,377981,14,28,7,7,7_14_27_1_2_1
2,132382,124533,7,21,0,0,7_7_21
2,132382,124566,7,6,6,6,1_7_6
2,132382,252693,7,6,6,6,1_7_6
2,132382,125308,8,12,12,12,2_8_12
2,132382,855437,9,31,0,0,4_9_21_5_5_10
2,132382,780478,10,39,0,0,4_10_24_6_6_15
2,132382,612466,7,21,0,0,7_7_21
2,132382,1551849,9,33,0,0,3_9_18_6_6_15
2,132382,1291424,10,39,0,0,4_10_24_6_6_15
2,132382,126642,8,27,0,0,2_8_12_6_6_15
2,132382,337936,8,27,0,0,2_8_12_6_6_15
2,132382,455869,7,6,6,6,1_7_6
2,132382,1648517,10,24,24,24,4_10_24
2,132382,178043,7,21,0,0,7_7_21
2,132382,441678,7,6,6,6,1_7_6
2,132382,129635,14,48,0,0,7_14_42_6_7_6
2,132382,130096,9,33,0,0,3_9_18_6_6_15
2,132382,264007,9,33,0,0,3_9_18_6_6_15
2,132382,470274,8,27,0,0,2_8_12_6_6_15
2,132382,295045,9,18,18,18,3_9_18
2,132382,615486,9,33,0,0,3_9_18_6_6_15
2,132382,496299,10,39,0,0,4_10_24_6_6_15
2,132382,678788,7,6,6,6,1_7_6
2,132382,551054,7,21,0,0,7_7_21
2,132382,131597,7,21,0,0,7_7_21
2,132382,392332,9,33,0,0,3_9_18_6_6_15
2,132382,131952,8,27,0,0,2_8_12_6_6_15
2,132382,288931,9,18,18,18,3_9_18
2,132382,685110,8,12,12,12,2_8_12
2,132382,509764,7,21,0,0,7_7_21
2,14351,438417,10,39,0,0,4_10_24_6_6_15
2,132382,134004,7,21,0,0,7_7_21
2,132382,579120,7,21,0,0,7_7_21
2,132382,134281,9,12,12,12,2_9_12
2,132382,205050,7,6,6,6,1_7_6
2,132382,398423,15,48,48,1,8_15_48
2,132382,739988,8,26,0,0,4_8_20_4_4_6
2,132382,289927,7,6,6,6,1_7_6
2,132382,980120,7,21,0,0,7_7_21
2,132382,136826,7,21,0,0,7_7_21
2,132382,137897,7,21,0,0,7_7_21
2,132382,139773,9,33,0,0,3_9_18_6_6_15
2,132382,140580,7,21,0,0,7_7_21
2,132382,141289,10,24,24,24,4_10_24
2,132382,142900,8,22,1,1,6_7_21_1_2_1
2,132382,143016,7,21,0,0,7_7_21
2,132382,143160,7,21,0,0,7_7_21
2,132382,143378,7,21,0,0,7_7_21
2,132382,143413,9,33,0,0,3_9_18_6_6_15
2,132382,143507,9,33,0,0,3_9_18_6_6_15
2,132382,412960,9,33,0,0,3_9_18_6_6_15
2,132382,144235,12,36,36,36,6_12_36
2,132382,318091,8,27,0,0,2_8_12_6_6_15
2,132382,187901,7,6,6,6,1_7_6
2,132382,144779,8,27,0,0,2_8_12_6_6_15
2,132382,145438,8,27,0,0,2_8_12_6_6_15
2,132382,145709,8,27,0,0,2_8_12_6_6_15
2,132382,388500,11,45,0,0,5_11_30_6_6_15
2,132382,173657,7,21,0,0,7_7_21
2,132382,146387,7,21,0,0,7_7_21
2,132382,146399,7,21,0,0,7_7_21
2,132382,1682787,7,21,0,0,7_7_21
2,132382,149089,7,21,0,0,7_7_21
2,132382,161629,12,36,36,36,6_12_36
2,132382,273409,8,12,12,12,2_8_12
2,132382,472098,8,27,0,0,2_8_12_6_6_15
2,132382,150871,9,33,0,0,3_9_18_6_6_15
2,132382,151126,8,26,0,0,4_8_20_4_4_6
2,132382,583536,7,21,0,0,7_7_21
2,132382,152936,16,54,0,0,8_15_33_3_8_11_5_5_10
2,132382,552937,7,21,0,0,7_7_21
2,132382,153902,8,27,0,0,2_8_12_6_6_15
2,132382,447946,7,21,0,0,7_7_21
2,132382,635156,9,33,0,0,3_9_18_6_6_15
2,132382,163403,11,45,0,0,5_11_30_6_6_15
2,132382,155329,7,21,0,0,7_7_21
2,132382,155887,7,21,0,0,7_7_21
2,132382,157094,10,39,0,0,4_10_24_6_6_15
2,132382,551857,7,21,0,0,7_7_21
2,132382,392415,10,39,0,0,4_10_24_6_6_15
2,132382,164420,8,27,0,0,2_8_12_6_6_15
2,132382,159894,7,21,0,0,7_7_21
2,132382,363204,8,27,0,0,2_8_12_6_6_15
2,132382,496118,7,21,0,0,7_7_21
2,132382,160541,7,21,0,0,7_7_21
2,132382,225752,7,21,0,0,7_7_21
2,132382,293498,18,72,0,0,12_18_72
2,132382,283124,15,54,0,0,9_15_54
2,132382,1227645,11,45,0,0,5_11_30_6_6_15
2,132382,283394,10,18,18,18,3_10_18
2,132382,163240,7,21,0,0,7_7_21
2,132382,1748948,8,27,0,0,2_8_12_6_6_15
2,132382,395988,7,21,0,0,7_7_21
2,132382,251807,7,21,0,0,7_7_21
2,132382,164882,8,27,0,0,2_8_12_6_6_15
2,132382,765791,8,12,12,12,2_8_12
2,132382,165739,7,21,0,0,7_7_21
2,132382,854111,9,33,0,0,3_9_18_6_6_15
2,132382,441170,7,6,6,6,1_7_6
2,132382,515140,10,39,0,0,4_10_24_6_6_15
2,132382,650678,10,34,1,1,3_9_18_5_6_15_1_2_1
2,132382,1293965,7,6,6,6,1_7_6
2,132382,289497,10,24,24,24,4_10_24
2,132382,365906,8,27,0,0,2_8_12_6_6_15
2,132382,182580,9,33,0,0,3_9_18_6_6_15
2,132382,167126,8,27,0,0,2_8_12_6_6_15
2,132382,236066,8,12,12,12,2_8_12
2,132382,167943,8,27,0,0,2_8_12_6_6_15
2,132382,167957,7,21,0,0,7_7_21
2,132382,1737929,7,6,6,6,1_7_6
2,132382,829172,10,24,24,24,4_10_24
2,14351,176390,8,26,0,0,4_8_20_4_4_6
2,132382,169425,7,6,6,6,1_7_6
2,132382,181779,12,36,0,0,12_12_36
2,132382,170010,7,6,6,6,1_7_6
2,132382,1099486,8,27,0,0,2_8_12_6_6_15
2,132382,505741,11,12,12,12,2_11_12
2,132382,271268,12,36,36,0,6_12_36
2,132382,172048,7,21,0,0,7_7_21
2,132382,172371,7,21,0,0,7_7_21
2,132382,394337,8,27,0,0,2_8_12_6_6_15
2,205571,172947,8,27,0,0,2_8_12_6_6_15
2,132382,173902,8,27,0,0,2_8_12_6_6_15
2,132382,540693,7,21,0,0,7_7_21
2,132382,537918,10,39,0,0,4_10_24_6_6_15
2,132382,234122,7,21,0,0,7_7_21
2,132382,175299,8,27,0,0,2_8_12_6_6_15
2,132382,438732,7,21,0,0,7_7_21
2,132382,175953,9,33,0,0,3_9_18_6_6_15
2,132382,176028,7,21,0,0,7_7_21
2,132382,374428,8,27,0,0,2_8_12_6_6_15
2,132382,905046,7,21,0,0,7_7_21
2,132382,178163,8,12,12,12,2_8_12
2,132382,178276,9,33,0,0,3_9_18_6_6_15
2,132382,704419,7,6,6,6,1_7_6
2,14351,179703,7,21,0,0,7_7_21
2,132382,362061,7,6,6,6,1_7_6
2,132382,264255,7,21,0,0,7_7_21
2,132382,377857,8,27,0,0,2_8_12_6_6_15
2,132382,504592,8,12,12,12,2_8_12
2,132382,300629,7,21,0,0,7_7_21
2,132382,266037,8,27,0,0,2_8_12_6_6_15
2,132382,182206,9,33,0,0,3_9_18_6_6_15
2,132382,515431,8,27,0,0,2_8_12_6_6_15
2,132382,183521,10,39,0,0,4_10_24_6_6_15
2,132382,382176,7,21,0,0,7_7_21
2,132382,414504,7,21,0,0,7_7_21
2,132382,184982,8,27,0,0,2_8_12_6_6_15
2,132382,185031,7,21,0,0,7_7_21
2,132382,603021,7,21,0,0,7_7_21
2,132382,308938,7,21,0,0,7_7_21
2,132382,186147,8,27,0,0,2_8_12_6_6_15
2,132382,187554,7,21,0,0,7_7_21
2,132382,187805,7,21,0,0,7_7_21
2,132382,188973,8,27,0,0,2_8_12_6_6_15
2,132382,532662,9,33,0,0,3_9_18_6_6_15
2,132382,880633,7,21,0,0,7_7_21
2,132382,192860,8,27,0,0,2_8_12_6_6_15
2,132382,193200,14,48,0,0,8_14_48
2,132382,193882,7,21,0,0,7_7_21
2,132382,382782,8,27,0,0,2_8_12_6_6_15
2,132382,877740,8,27,0,0,2_8_12_6_6_15
2,132382,941055,12,51,0,0,6_12_36_6_6_15
2,132382,364780,16,55,0,0,4_16_24_10_12_30_2_2_1
2,132382,197985,7,21,0,0,7_7_21
2,14351,200368,8,27,0,0,2_8_12_6_6_15
2,132382,201104,8,27,0,0,2_8_12_6_6_15
2,132382,220519,7,21,0,0,7_7_21
2,132382,224548,7,21,0,0,7_7_21
2,132382,202371,7,6,6,6,1_7_6
2,132382,531652,9,18,18,18,3_9_18
2,132382,203027,7,21,0,0,7_7_21
2,132382,292007,7,21,0,0,7_7_21
2,132382,804062,9,33,0,0,3_9_18_6_6_15
2,132382,203941,7,21,0,0,7_7_21
2,132382,303436,8,26,0,0,4_8_20_4_4_6
2,132382,532239,8,27,0,0,2_8_12_6_6_15
2,132382,385898,7,21,0,0,7_7_21
2,132382,207794,7,21,0,0,7_7_21
2,14351,1846873,7,21,0,0,7_7_21
2,132382,473653,7,21,0,0,7_7_21
2,132382,211176,7,6,6,6,1_7_6
2,132382,211938,8,12,12,12,2_8_12
2,132382,213246,10,39,0,0,4_10_24_6_6_15
2,132382,214343,8,12,12,12,2_8_12
2,132382,248588,7,21,0,0,7_7_21
2,132382,1533615,7,21,0,0,7_7_21
2,132382,976562,13,42,0,0,7_13_42
2,132382,968089,7,21,0,0,7_7_21
2,132382,219745,8,27,0,0,2_8_12_6_6_15
2,132382,601189,8,27,0,0,2_8_12_6_6_15
2,132382,224033,7,6,6,6,1_7_6
2,14351,590465,7,21,0,0,7_7_21
2,132382,227560,8,27,0,0,2_8_12_6_6_15
2,132382,231479,10,39,0,0,4_10_24_6_6_15
2,132382,391794,7,21,0,0,7_7_21
2,132382,236801,7,21,0,0,7_7_21
2,132382,237179,7,6,6,6,1_7_6
2,14351,299656,7,21,0,0,7_7_21
2,132382,791816,7,21,0,0,7_7_21
2,132382,238690,7,21,0,0,7_7_21
2,132382,239274,8,27,0,0,2_8_12_6_6_15
2,132382,239947,7,21,0,0,7_7_21
2,132382,240198,7,21,0,0,7_7_21
2,132382,335726,9,18,18,18,3_9_18
2,132382,1085355,7,21,0,0,7_7_21
2,132382,244321,7,21,0,0,7_7_21
2,132382,244773,7,6,6,6,1_7_6
2,132382,245419,7,6,6,6,1_7_6
2,132382,354728,8,27,0,0,2_8_12_6_6_15
2,132382,249484,7,21,0,0,7_7_21
2,132382,398649,7,21,0,0,7_7_21
2,132382,1015667,7,21,0,0,7_7_21
2,132382,251351,7,21,0,0,7_7_21
2,132382,253160,7,21,0,0,7_7_21
2,14351,581488,8,27,0,0,2_8_12_6_6_15
2,132382,390799,7,21,0,0,7_7_21
2,132382,254340,8,27,0,0,2_8_12_6_6_15
2,132382,254758,7,6,6,6,1_7_6
2,132382,1293187,8,27,0,0,2_8_12_6_6_15
2,132382,255864,7,6,6,6,1_7_6
2,132382,256642,7,21,0,0,7_7_21
2,132382,257138,10,39,0,0,4_10_24_6_6_15
2,132382,257633,7,21,0,0,7_7_21
2,132382,257858,7,21,0,0,7_7_21
2,132382,258130,7,21,0,0,7_7_21
2,132382,340927,9,33,0,0,3_9_18_6_6_15
2,132382,408906,8,12,12,12,2_8_12
2,132382,377768,7,21,0,0,7_7_21
2,132382,262945,8,27,0,0,2_8_12_6_6_15
2,132382,526728,8,27,0,0,2_8_12_6_6_15
2,132382,265759,7,6,6,6,1_7_6
2,132382,453866,9,18,18,18,3_9_18
2,132382,271523,7,6,6,6,1_7_6
2,132382,489530,7,6,6,6,1_7_6
2,132382,272002,7,21,0,0,7_7_21
2,132382,272672,8,22,1,1,6_7_21_1_2_1
2,132382,466872,10,39,0,0,4_10_24_6_6_15
2,132382,458597,8,27,0,0,2_8_12_6_6_15
2,132382,274036,8,27,0,0,2_8_12_6_6_15
2,132382,275326,7,21,0,0,7_7_21
2,132382,276231,7,21,0,0,7_7_21
2,132382,277528,9,33,0,0,3_9_18_6_6_15
2,132382,277992,9,33,0,0,3_9_18_6_6_15
2,132382,602924,7,21,0,0,7_7_21
2,132382,280215,7,21,0,0,7_7_21
2,132382,1846918,7,21,0,0,7_7_21
2,132382,281258,7,21,0,0,7_7_21
2,132382,912304,7,6,6,0,1_7_6
2,132382,283331,9,33,0,0,3_9_18_6_6_15
2,132382,283495,7,21,0,0,7_7_21
2,132382,299753,7,6,6,6,1_7_6
2,132382,286997,9,18,18,18,3_9_18
2,132382,300821,9,33,0,0,3_9_18_6_6_15
2,132382,934210,9,18,18,18,3_9_18
2,132382,445095,7,21,0,0,7_7_21
2,132382,290169,12,36,0,0,12_12_36
2,132382,290762,7,21,0,0,7_7_21
2,132382,489731,7,6,6,6,1_7_6
2,132382,556222,7,21,0,0,7_7_21
2,132382,467991,7,21,0,0,7_7_21
2,132382,302039,7,21,0,0,7_7_21
2,132382,302480,9,33,0,0,3_9_18_6_6_15
2,132382,1660611,7,21,0,0,7_7_21
2,132382,303297,8,27,0,0,2_8_12_6_6_15
2,132382,1013224,11,24,24,24,4_11_24
2,132382,304070,7,21,0,0,7_7_21
2,132382,305037,7,6,6,6,1_7_6
2,132382,305661,11,45,0,0,5_11_30_6_6_15
2,132382,1310132,8,27,0,0,2_8_12_6_6_15
2,132382,306094,8,27,0,0,2_8_12_6_6_15
2,132382,1797358,8,27,0,0,2_8_12_6_6_15
2,132382,360415,9,12,12,1,2_9_12
2,132382,1119073,7,21,0,0,7_7_21
2,132382,309941,8,27,0,0,2_8_12_6_6_15
2,132382,310345,8,27,0,0,2_8_12_6_6_15
2,132382,312842,7,21,0,0,7_7_21
2,132382,313125,7,21,0,0,7_7_21
2,132382,317888,8,27,0,0,2_8_12_6_6_15
2,132382,509695,8,12,12,12,2_8_12
2,132382,546431,8,12,12,12,2_8_12
2,132382,324252,8,27,0,0,2_8_12_6_6_15
2,132382,933555,8,27,0,0,2_8_12_6_6_15
2,132382,327317,8,22,1,1,6_7_21_1_2_1
2,132382,328269,7,21,0,0,7_7_21
2,132382,614337,7,21,0,0,7_7_21
2,132382,418036,7,21,0,0,7_7_21
2,132382,335418,7,21,0,0,7_7_21
2,132382,553145,7,6,6,6,1_7_6
2,132382,525731,8,12,12,12,2_8_12
2,132382,680388,7,21,0,0,7_7_21
2,132382,1011090,8,27,0,0,2_8_12_6_6_15
2,132382,369789,8,27,0,0,2_8_12_6_6_15
2,132382,1386190,8,27,0,0,2_8_12_6_6_15
2,132382,375704,7,21,0,0,7_7_21
2,132382,392627,7,21,0,0,7_7_21
2,132382,1215019,7,21,0,0,7_7_21
2,132382,399563,7,21,0,0,7_7_21
2,132382,402193,7,6,6,6,1_7_6
2,132382,1638467,7,21,0,0,7_7_21
2,132382,490100,7,21,0,0,7_7_21
2,132382,423450,7,21,0,0,7_7_21
2,132382,717574,8,27,0,0,2_8_12_6_6_15
2,132382,1100718,7,21,0,0,7_7_21
2,132382,432247,7,21,0,0,7_7_21
2,132382,892657,7,21,0,0,7_7_21
2,132382,849946,7,6,6,6,1_7_6
2,132382,477615,7,6,6,6,1_7_6
2,132382,851195,7,21,0,0,7_7_21
2,132382,450335,7,21,0,0,7_7_21
2,132382,451489,8,27,0,0,2_8_12_6_6_15
2,132382,840938,7,21,0,0,7_7_21
2,132382,467121,7,21,0,0,7_7_21
2,132382,469517,8,27,0,0,2_8_12_6_6_15
2,132382,475586,7,21,0,0,7_7_21
2,132382,477818,7,21,0,0,7_7_21
2,132382,478568,7,21,0,0,7_7_21
2,132382,480716,7,21,0,0,7_7_21
2,132382,493500,8,27,0,0,2_8_12_6_6_15
2,132382,628109,7,21,0,0,7_7_21
2,132382,494339,8,27,0,0,2_8_12_6_6_15
2,132382,527050,7,21,0,0,7_7_21
2,132382,1853033,7,21,0,0,7_7_21
2,132382,570215,7,21,0,0,7_7_21
2,132382,571777,8,27,0,0,2_8_12_6_6_15
2,132382,579668,9,33,0,0,3_9_18_6_6_15
2,132382,759752,8,27,0,0,2_8_12_6_6_15
2,132382,598917,8,27,0,0,2_8_12_6_6_15
2,132382,653719,8,27,0,0,2_8_12_6_6_15
2,132382,741545,7,21,0,0,7_7_21
3,132382,1081192,3655,11496,1066,837,1585_3199_7024_803_1416_2274_341_655_942_174_364_533_93_205_299_54_129_172_30_92_127_38_57_101_10_13_23_1_2_1
3,132382,183,8,27,0,0,2_8_12_6_6_15
3,132382,56340,31,45,42,42,8_31_45
3,132382,21816,8,12,12,12,2_8_12
3,132382,1116014,115,391,9,4,37_100_191_38_58_120_14_22_28_3_12_13_3_9_15_6_10_24
3,132382,548,11,18,18,18,3_11_18
3,132382,598,9,33,0,0,3_9_18_6_6_15
3,132382,468419,7,6,6,6,1_7_6
3,132382,247438,10,39,0,0,4_10_24_6_6_15
3,132382,28683,7,21,0,0,7_7_21
3,132382,40696,9,33,0,0,3_9_18_6_6_15
3,132382,1441,10,18,12,12,4_10_18
3,132382,748608,12,11,10,10,2_12_11
3,132382,258426,9,32,0,0,4_9_22_5_5_10
3,132382,199862,14,63,0,0,8_14_48_6_6_15
3,132382,121747,15,48,0,0,9_15_38_5_5_10
3,132382,91428,8,12,12,12,2_8_12
3,132382,15339,56,149,11,11,35_50_135_9_10_9_1_6_5
3,132382,524653,7,21,0,0,7_7_21
3,132382,18001,115,359,29,18,33_77_157_21_43_75_15_32_46_9_25_27_5_18_19_5_15_25_5_5_10
3,132382,9161,10,39,0,0,4_10_24_6_6_15
3,132382,416273,7,21,0,0,7_7_21
3,132382,302137,8,27,0,0,2_8_12_6_6_15
3,132382,1737338,16,33,28,28,4_14_23_1_6_5_1_6_5
3,132382,48494,7,6,6,6,1_7_6
3,132382,211176,21,50,8,8,13_21_48_2_4_2
3,132382,39177,14,48,0,0,6_14_26_2_8_7_6_6_15
3,132382,78473,11,30,30,30,5_11_30
3,132382,190140,7,21,0,0,7_7_21
3,132382,453520,15,44,1,1,11_14_41_3_4_3
3,132382,381080,10,22,19,19,3_10_17_1_6_5
3,132382,4399,8,27,0,0,2_8_12_6_6_15
3,132382,4964,8,27,0,0,2_8_12_6_6_15
3,132382,642543,7,6,6,0,1_7_6
3,132382,191545,13,57,0,0,7_13_42_6_6_15
3,132382,92463,16,50,1,1,8_15_33_6_7_16_1_2_1
3,132382,1699825,9,32,0,0,3_9_18_6_6_14
3,132382,948900,59,203,0,0,22_57_100_17_36_57_13_20_33_7_7_13
3,132382,5569,7,6,6,6,1_7_6
3,132382,527557,11,24,24,24,4_11_24
3,132382,5732,7,21,0,0,7_7_21
3,132382,1328436,8,22,1,1,6_7_21_1_2_1
3,132382,21023,12,11,10,10,2_12_11
3,132382,5937,7,6,6,6,1_7_6
3,132382,5993,7,21,0,0,7_7_21
3,132382,250825,8,27,0,0,2_8_12_6_6_15
3,132382,6274,7,6,6,6,1_7_6
3,132382,245837,8,12,12,12,2_8_12
3,132382,284568,7,21,0,0,7_7_21
3,132382,122856,17,39,9,9,3_16_18_2_7_10_5_6_11
3,132382,6641,9,33,0,0,3_9_18_6_6_15
3,132382,6728,10,39,0,0,4_10_24_6_6_15
3,132382,118038,7,21,0,0,7_7_21
3,132382,239764,13,42,0,0,7_13_42
3,132382,1101053,7,21,0,0,7_7_21
3,132382,242802,10,11,10,10,2_10_11
3,132382,7056,7,21,0,0,7_7_21
3,132382,627082,16,49,1,1,8_15_33_5_6_15_1_2_1
3,132382,90543,9,18,18,0,3_9_18
3,132382,1554013,9,33,0,0,3_9_18_6_6_15
3,132382,79033,10,39,0,0,4_10_24_6_6_15
3,132382,378005,38,127,0,0,22_33_86_3_10_15_5_10_19_5_5_7
3,132382,917697,8,26,0,0,4_8_20_4_4_6
3,132382,8202,7,6,6,1,1_7_6
3,132382,435994,7,21,0,0,7_7_21
3,132382,33847,8,27,0,0,2_8_12_6_6_15
3,132382,1825045,7,21,0,0,7_7_21
3,132382,9852,7,21,0,0,7_7_21
3,132382,1116688,20,73,0,0,4_17_22_3_10_15_4_6_10_2_8_6_2_7_10_5_5_10
3,132382,74343,7,6,6,0,1_7_6
3,132382,1374030,12,12,12,1,2_12_12
3,132382,474096,29,122,0,0,13_27_76_3_12_11_8_13_25_5_5_10
3,132382,267871,7,21,0,0,7_7_21
3,132382,11277,9,33,0,0,3_9_18_6_6_15
3,132382,321169,7,6,6,6,1_7_6
3,132382,12102,9,33,0,0,3_9_18_6_6_15
3,132382,1795717,8,27,0,0,2_8_12_6_6_15
3,132382,1412697,13,44,0,0,3_9_18_6_10_24_4_4_2
3,132382,172584,7,6,6,6,1_7_6
3,132382,13063,8,27,0,0,2_8_12_6_6_15
3,132382,133145,9,33,0,0,3_9_18_6_6_15
3,132382,1752482,7,21,0,0,7_7_21
3,132382,13646,10,39,0,0,4_10_24_6_6_15
3,132382,13662,7,21,0,0,7_7_21
3,132382,307641,7,21,0,0,7_7_21
3,132382,801591,7,6,6,6,1_7_6
3,132382,13996,7,21,0,0,7_7_21
3,132382,137534,7,21,0,0,7_7_21
3,132382,115387,28,91,0,0,19_28_74_9_9_17
3,132382,45055,7,21,0,0,7_7_21
3,132382,961424,9,33,0,0,3_9_18_6_6_15
3,132382,1666304,9,33,0,0,3_9_18_6_6_15
3,132382,1838913,15,65,0,0,5_12_30_2_8_10_3_8_15_5_5_10
3,132382,34568,8,22,1,1,6_7_21_1_2_1
3,132382,227220,7,21,0,0,7_7_21
3,132382,433999,11,12,12,1,2_11_12
3,132382,436841,7,21,0,0,7_7_21
3,132382,312573,14,43,0,0,12_14_42_2_2_1
3,132382,90214,15,54,0,0,5_12_29_6_10_22_3_3_3
3,132382,15580,8,26,0,0,4_8_20_4_4_6
3,132382,137468,7,21,0,0,7_7_21
3,132382,17210,9,33,0,0,3_9_18_6_6_15
3,132382,15864,8,27,0,0,2_8_12_6_6_15
3,132382,1842577,19,45,9,1,10_17_39_3_6_6
3,132382,1857150,8,26,0,0,4_8_20_4_4_6
3,132382,1311140,14,47,0,0,4_14_22_10_10_25
3,132382,16338,7,6,6,0,1_7_6
3,132382,52148,8,22,1,1,6_7_21_1_2_1
3,132382,16709,7,21,0,0,7_7_21
3,132382,225219,38,124,20,20,17_37_86_10_14_28_3_4_6_1_5_4
3,132382,669736,8,27,0,0,2_8_12_6_6_15
3,132382,329044,9,18,18,18,3_9_18
3,132382,39871,9,28,1,1,2_8_12_5_6_15_1_2_1
3,132382,230828,12,51,0,0,6_12_36_6_6_15
3,132382,1813224,8,26,0,0,4_8_20_4_4_6
3,132382,17536,7,21,0,0,7_7_21
3,132382,263763,8,27,0,0,2_8_12_6_6_15
3,132382,21771,11,24,24,24,4_11_24
3,132382,17731,10,39,0,0,4_10_24_6_6_15
3,132382,134911,7,21,0,0,7_7_21
3,132382,18333,11,44,0,0,5_11_30_6_6_14
3,132382,18342,8,27,0,0,2_8_12_6_6_15
3,132382,18353,7,21,0,0,7_7_21
3,132382,142186,7,21,0,0,7_7_21
3,132382,113299,18,72,0,0,12_18_72
3,132382,160076,8,26,0,0,4_8_20_4_4_6
3,132382,665420,7,21,0,0,7_7_21
3,132382,889010,7,21,0,0,7_7_21
3,132382,1202239,10,30,0,0,10_10_30
3,132382,19556,8,27,0,0,2_8_12_6_6_15
3,132382,97396,8,27,0,0,2_8_12_6_6_15
3,132382,20370,10,37,0,0,2_9_12_3_8_15_5_5_10
3,14351,20499,11,45,0,0,5_11_30_6_6_15
3,132382,185919,7,6,6,6,1_7_6
3,132382,584180,7,21,0,0,7_7_21
3,132382,497725,7,6,6,6,1_7_6
3,132382,865446,7,6,6,6,1_7_6
3,132382,1194672,7,21,0,0,7_7_21
3,132382,21133,7,21,0,0,7_7_21
3,132382,21232,8,27,0,0,2_8_12_6_6_15
3,132382,944201,17,60,0,0,6_17_31_7_11_29
3,132382,168259,8,12,12,2,2_8_12
3,132382,930625,7,6,6,6,1_7_6
3,132382,420121,8,27,0,0,2_8_12_6_6_15
3,132382,22144,11,45,0,0,5_11_30_6_6_15
3,132382,169031,8,27,0,0,2_8_12_6_6_15
3,132382,89782,7,21,0,0,7_7_21
3,132382,241421,7,6,6,6,1_7_6
3,132382,1701597,12,48,0,0,4_10_24_3_8_14_5_5_10
3,132382,618046,7,21,0,0,7_7_21
3,132382,23012,16,60,0,0,10_16_60
3,132382,1678215,8,27,0,0,2_8_12_6_6_15
3,132382,23587,12,36,0,0,12_12_36
3,132382,388087,29,107,0,0,9_23_38_2_8_6_2_9_10_3_10_15_5_11_23_6_8_15
3,132382,24045,7,21,0,0,7_7_21
3,132382,572988,17,44,9,9,4_10_24_4_6_11_2_9_9
3,132382,319461,7,21,0,0,7_7_21
3,132382,637385,7,21,0,0,7_7_21
3,132382,26211,9,33,0,0,3_9_18_6_6_15
3,132382,26571,8,22,1,0,6_7_21_1_2_1
3,132382,307440,7,21,0,0,7_7_21
3,132382,803658,7,21,0,0,7_7_21
3,132382,27203,15,54,0,0,9_15_54
3,132382,27235,7,21,0,0,7_7_21
3,132382,112153,8,26,0,0,4_8_20_4_4_6
3,14351,205832,7,21,0,0,7_7_21
3,132382,28426,7,6,6,6,1_7_6
3,132382,28749,7,6,6,6,1_7_6
3,132382,1635278,7,21,0,0,7_7_21
3,132382,28934,7,21,0,0,7_7_21
3,132382,29222,13,41,2,2,3_9_18_4_8_16_4_6_7
3,132382,1284631,8,25,0,0,6_8_24_2_2_1
3,132382,31123,7,21,0,0,7_7_21
3,132382,291043,8,26,0,0,4_8_20_4_4_6
3,132382,341875,13,18,18,18,3_13_18
3,132382,41418,7,21,0,0,7_7_21
3,132382,738291,23,80,57,57,16_23_80
3,132382,31963,7,21,0,0,7_7_21
3,132382,34252,25,90,0,0,10_19_44_4_11_15_4_9_20_5_7_10_2_2_1
3,132382,1571756,9,12,12,1,2_9_12
3,132382,32365,7,6,6,6,1_7_6
3,132382,32408,11,45,0,0,5_11_30_6_6_15
3,132382,32461,8,26,0,0,4_8_20_4_4_6
3,132382,72642,7,21,0,0,7_7_21
3,132382,67180,21,51,13,13,7_19_36_6_11_15
3,132382,32855,7,6,6,6,1_7_6
3,132382,575676,13,42,0,0,7_13_42
3,132382,33482,7,6,6,6,1_7_6
3,132382,283394,8,22,1,1,6_7_21_1_2_1
3,132382,398606,7,21,0,0,7_7_21
3,132382,988639,11,37,0,0,7_11_31_4_4_6
3,132382,63801,10,39,0,0,4_10_24_6_6_15
3,132382,469766,7,21,0,0,7_7_21
3,132382,34229,7,21,0,0,7_7_21
3,132382,34548,8,27,0,0,2_8_12_6_6_15
3,132382,828977,7,6,6,4,1_7_6
3,132382,565587,7,6,6,6,1_7_6
3,132382,354156,17,34,9,9,4_17_24_5_5_10
3,132382,923839,7,6,6,6,1_7_6
3,132382,138896,9,28,1,1,2_8_12_5_6_15_1_2_1
3,132382,508010,16,53,0,0,7_16_35_9_9_18
3,132382,356257,7,21,0,0,7_7_21
3,132382,1577774,11,11,10,10,2_11_11
3,132382,36693,8,12,12,12,2_8_12
3,132382,748799,7,6,6,6,1_7_6
3,132382,572200,7,21,0,0,7_7_21
3,132382,249934,12,36,0,0,12_12_36
3,132382,1267350,9,26,1,1,5_9_23_3_3_3
3,132382,376407,7,21,0,0,7_7_21
3,132382,203592,9,33,0,0,3_9_18_6_6_15
3,132382,38667,8,27,0,0,2_8_12_6_6_15
3,132382,304885,7,21,0,0,7_7_21
3,132382,663587,7,21,0,0,7_7_21
3,132382,39378,10,37,0,0,5_10_27_5_5_10
3,132382,39710,7,21,0,0,7_7_21
3,132382,103121,7,6,6,6,1_7_6
3,132382,618949,10,11,10,10,2_10_11
3,132382,275867,7,21,0,0,7_7_21
3,132382,42014,8,27,0,0,2_8_12_6_6_15
3,132382,1760937,8,26,0,0,4_8_20_4_4_6
3,132382,157003,8,27,0,0,2_8_12_6_6_15
3,132382,72059,7,21,0,0,7_7_21
3,132382,284192,7,21,0,0,7_7_21
3,132382,104866,7,21,0,0,7_7_21
3,132382,112806,7,21,0,0,7_7_21
3,132382,44465,10,18,18,18,3_10_18
3,132382,620181,8,12,12,12,2_8_12
3,132382,44870,8,27,0,0,2_8_12_6_6_15
3,132382,76360,8,26,0,0,4_8_20_4_4_6
3,132382,46490,12,36,0,0,12_12_36
3,132382,46547,10,39,0,0,4_10_24_6_6_15
3,132382,47148,9,12,12,1,2_9_12
3,132382,396992,7,6,6,6,1_7_6
3,132382,47408,10,36,0,0,4_10_24_6_6_12
3,132382,47532,7,6,6,6,1_7_6
3,132382,297229,10,37,0,0,4_10_24_6_6_13
3,132382,319704,9,27,1,1,3_9_17_5_5_10
3,132382,49237,7,6,6,6,1_7_6
3,132382,624959,7,21,0,0,7_7_21
3,132382,48641,7,21,0,0,7_7_21
3,132382,48984,7,21,0,0,7_7_21
3,132382,189974,9,28,1,1,2_8_12_5_6_15_1_2_1
3,132382,49164,9,18,18,18,3_9_18
3,132382,49457,7,6,6,6,1_7_6
3,132382,1313587,8,26,0,0,4_8_20_4_4_6
3,132382,103557,8,22,1,1,6_7_21_1_2_1
3,132382,461074,16,55,0,0,6_15_32_7_10_23
3,132382,107677,10,39,0,0,4_10_24_6_6_15
3,132382,412797,8,22,1,1,6_7_21_1_2_1
3,132382,221208,8,27,0,0,2_8_12_6_6_15
3,132382,1620904,21,72,1,1,7_21_36_5_11_13_3_8_13_5_5_10
3,132382,301637,7,6,6,6,1_7_6
3,132382,340556,7,21,0,0,7_7_21
3,132382,400026,7,21,0,0,7_7_21
3,132382,579860,13,57,0,0,7_13_42_6_6_15
3,132382,52869,8,12,12,12,2_8_12
3,132382,244004,9,32,0,0,2_9_12_2_7_10_5_5_10
3,132382,53350,11,30,30,0,5_11_30
3,132382,1544256,7,21,0,0,7_7_21
3,132382,933921,7,6,6,6,1_7_6
3,132382,709470,7,6,6,6,1_7_6
3,132382,378773,10,38,0,0,4_10_24_6_6_14
3,132382,938958,7,21,0,0,7_7_21
3,14351,55510,10,35,0,0,5_10_26_5_5_9
3,132382,1377993,13,32,4,2,5_9_24_4_8_8
3,132382,326874,7,21,0,0,7_7_21
3,132382,80951,9,33,0,0,3_9_18_6_6_15
3,132382,967904,7,21,0,0,7_7_21
3,132382,71007,7,6,6,0,1_7_6
3,132382,58065,8,27,0,0,2_8_12_6_6_15
3,132382,1112671,10,37,0,0,4_10_24_6_6_13
3,132382,181622,10,24,24,24,4_10_24
3,132382,316549,7,6,6,6,1_7_6
3,132382,1078046,7,6,6,6,1_7_6
3,132382,59895,10,24,24,24,4_10_24
3,132382,537845,11,45,0,0,5_11_30_6_6_15
3,132382,1730118,16,66,0,0,6_16_33_1_6_5_4_9_20_5_5_8
3,132382,60837,9,33,0,0,3_9_18_6_6_15
3,132382,60865,8,27,0,0,2_8_12_6_6_15
3,132382,781089,8,27,0,0,2_8_12_6_6_15
3,132382,702226,7,21,0,0,7_7_21
3,132382,286997,8,22,1,1,6_7_21_1_2_1
3,132382,674934,7,6,6,6,1_7_6
3,132382,203677,7,21,0,0,7_7_21
3,132382,1180129,10,39,0,0,4_10_24_6_6_15
3,132382,62506,8,27,0,0,2_8_12_6_6_15
3,132382,63325,8,27,0,0,2_8_12_6_6_15
3,132382,64222,11,45,0,0,5_11_30_6_6_15
3,132382,64401,20,30,30,22,5_20_30
3,132382,1458944,7,6,6,6,1_7_6
3,132382,392410,7,6,6,6,1_7_6
3,132382,331401,7,21,0,0,7_7_21
3,132382,1556512,7,6,6,6,1_7_6
3,132382,481296,12,36,0,0,12_12_36
3,132382,66836,7,21,0,0,7_7_21
3,132382,67101,7,21,0,0,7_7_21
3,132382,118565,7,21,0,0,7_7_21
3,132382,89871,7,21,0,0,7_7_21
3,132382,68474,7,6,6,6,1_7_6
3,132382,203580,7,21,0,0,7_7_21
3,132382,69731,10,39,0,0,4_10_24_6_6_15
3,132382,456135,7,21,0,0,7_7_21
3,132382,157219,7,21,0,0,7_7_21
3,132382,519762,7,21,0,0,7_7_21
3,132382,1135155,7,6,6,6,1_7_6
3,132382,73069,7,21,0,0,7_7_21
3,132382,128287,8,27,0,0,2_8_12_6_6_15
3,132382,140130,19,44,20,20,9_17_39_2_6_5
3,132382,1651106,14,18,18,18,3_14_18
3,132382,1570984,8,27,0,0,2_8_12_6_6_15
3,132382,163799,9,33,0,0,3_9_18_6_6_15
3,132382,75808,7,21,0,0,7_7_21
3,132382,164541,8,22,1,1,6_7_21_1_2_1
3,132382,585265,7,6,6,2,1_7_6
3,132382,78238,10,37,0,0,4_10_22_6_6_15
3,132382,79892,7,21,0,0,7_7_21
3,132382,598974,7,6,6,6,1_7_6
3,132382,787723,7,21,0,0,7_7_21
3,132382,285288,7,21,0,0,7_7_21
3,132382,908488,7,21,0,0,7_7_21
3,132382,236534,9,12,12,12,2_9_12
3,132382,157480,7,21,0,0,7_7_21
3,132382,84089,11,45,0,0,5_11_30_6_6_15
3,132382,165339,7,21,0,0,7_7_21
3,132382,1579964,7,21,0,0,7_7_21
3,132382,285904,7,6,6,6,1_7_6
3,132382,188944,7,21,0,0,7_7_21
3,132382,89183,8,12,12,0,2_8_12
3,132382,1375975,7,21,0,0,7_7_21
3,132382,391914,9,33,0,0,3_9_18_6_6_15
3,14351,117472,7,21,0,0,7_7_21
3,132382,92024,7,21,0,0,7_7_21
3,132382,453156,7,21,0,0,7_7_21
3,132382,1289530,7,21,0,0,7_7_21
3,132382,587277,7,6,6,6,1_7_6
3,132382,1170147,7,21,0,0,7_7_21
3,132382,93578,8,26,0,0,4_8_20_4_4_6
3,132382,93637,7,21,0,0,7_7_21
3,132382,93798,7,21,0,0,7_7_21
3,132382,254232,7,6,6,6,1_7_6
3,132382,259691,7,6,6,6,1_7_6
3,132382,323215,8,27,0,0,2_8_12_6_6_15
3,132382,812176,7,6,6,6,1_7_6
3,132382,207197,7,21,0,0,7_7_21
3,132382,279874,8,27,0,0,2_8_12_6_6_15
3,132382,130903,7,21,0,0,7_7_21
3,132382,210755,7,21,0,0,7_7_21
3,132382,98250,7,21,0,0,7_7_21
3,132382,135467,7,21,0,0,7_7_21
3,132382,145197,7,6,6,6,1_7_6
3,132382,224522,19,58,0,0,17_19_57_2_2_1
3,132382,166125,11,41,0,0,6_11_31_5_5_10
3,132382,548942,7,21,0,0,7_7_21
3,132382,510962,9,32,0,0,3_9_18_6_6_14
3,132382,569937,9,12,12,12,2_9_12
3,132382,1428607,24,44,20,20,9_23_38_2_7_6
3,132382,615505,21,90,0,0,15_21_90
3,132382,106557,7,6,6,6,1_7_6
3,132382,108161,9,33,0,0,3_9_18_6_6_15
3,132382,577448,8,27,0,0,2_8_12_6_6_15
3,14351,109055,7,21,0,0,7_7_21
3,132382,484362,8,22,1,1,6_7_21_1_2_1
3,132382,574353,7,21,0,0,7_7_21
3,132382,112263,14,18,18,18,3_14_18
3,132382,113314,12,36,0,0,12_12_36
3,132382,322813,9,31,0,0,4_9_21_5_5_10
3,132382,345386,9,33,0,0,3_9_18_6_6_15
3,132382,129637,8,27,0,0,2_8_12_6_6_15
3,132382,116937,7,21,0,0,7_7_21
3,132382,117162,8,27,0,0,2_8_12_6_6_15
3,132382,299433,10,39,0,0,4_10_24_6_6_15
3,132382,117727,10,39,0,0,4_10_24_6_6_15
3,132382,118943,7,21,0,0,7_7_21
3,132382,122052,7,21,0,0,7_7_21
3,132382,120310,7,21,0,0,7_7_21
3,132382,120969,7,21,0,0,7_7_21
3,132382,123268,8,27,0,0,2_8_12_6_6_15
3,132382,123615,9,33,0,0,3_9_18_6_6_15
3,132382,1414101,7,21,0,0,7_7_21
3,132382,419427,8,27,0,0,2_8_12_6_6_15
3,132382,258492,8,27,0,0,2_8_12_6_6_15
3,132382,226231,7,6,6,6,1_7_6
3,132382,132362,8,27,0,0,2_8_12_6_6_15
3,132382,302496,7,6,6,6,1_7_6
3,132382,1279744,7,21,0,0,7_7_21
3,132382,1345652,8,27,0,0,2_8_12_6_6_15
3,132382,132962,7,21,0,0,7_7_21
3,132382,181531,7,21,0,0,7_7_21
3,132382,1359475,7,21,0,0,7_7_21
3,132382,398423,7,6,6,6,1_7_6
3,132382,136308,7,21,0,0,7_7_21
3,132382,271735,7,6,6,6,1_7_6
3,132382,559556,7,21,0,0,7_7_21
3,132382,141289,7,21,0,0,7_7_21
3,132382,144235,7,21,0,0,7_7_21
3,132382,827339,12,44,0,0,3_7_15_4_9_19_5_5_10
3,132382,144994,7,6,6,6,1_7_6
3,132382,166455,8,27,0,0,2_8_12_6_6_15
3,132382,149149,8,27,0,0,2_8_12_6_6_15
3,132382,610115,8,27,0,0,2_8_12_6_6_15
3,132382,151252,7,6,6,6,1_7_6
3,132382,419340,7,6,6,6,1_7_6
3,132382,1609873,7,21,0,0,7_7_21
3,132382,286491,7,6,6,6,1_7_6
3,132382,280733,7,6,6,6,1_7_6
3,132382,291642,8,27,0,0,2_8_12_6_6_15
3,132382,290881,8,27,0,0,2_8_12_6_6_15
3,132382,366392,7,21,0,0,7_7_21
3,132382,765791,7,21,0,0,7_7_21
3,132382,165854,10,24,24,24,4_10_24
3,132382,441170,7,21,0,0,7_7_21
3,132382,1667355,8,27,0,0,2_8_12_6_6_15
3,132382,1581013,7,6,6,6,1_7_6
3,132382,167147,8,27,0,0,2_8_12_6_6_15
3,132382,168106,14,63,0,0,8_14_48_6_6_15
3,132382,168985,7,21,0,0,7_7_21
3,132382,169425,12,29,4,4,3_7_15_4_5_10_1_5_4
3,132382,271268,7,6,6,6,1_7_6
3,132382,193481,7,6,6,6,1_7_6
3,132382,1684973,7,6,6,6,1_7_6
3,132382,214283,8,22,1,1,6_7_21_1_2_1
3,132382,362753,7,6,6,1,1_7_6
3,132382,924157,7,21,0,0,7_7_21
3,132382,504592,7,21,0,0,7_7_21
3,132382,1133296,9,31,0,0,4_9_21_5_5_10
3,132382,306079,7,21,0,0,7_7_21
3,132382,202371,7,21,0,0,7_7_21
3,132382,902949,7,21,0,0,7_7_21
3,132382,207225,8,12,12,12,2_8_12
3,132382,281595,8,27,0,0,2_8_12_6_6_15
3,132382,208557,8,27,0,0,2_8_12_6_6_15
3,132382,209329,7,21,0,0,7_7_21
3,132382,214343,8,27,0,0,2_8_12_6_6_15
3,132382,762737,8,27,0,0,2_8_12_6_6_15
3,132382,217258,8,27,0,0,2_8_12_6_6_15
3,132382,285003,7,21,0,0,7_7_21
3,132382,794594,7,6,6,1,1_7_6
3,132382,514059,8,22,1,1,6_7_21_1_2_1
3,132382,248775,7,21,0,0,7_7_21
3,132382,251704,7,21,0,0,7_7_21
3,132382,255864,7,21,0,0,7_7_21
3,132382,347165,8,27,0,0,2_8_12_6_6_15
3,132382,262070,8,27,0,0,2_8_12_6_6_15
3,132382,489530,7,21,0,0,7_7_21
3,132382,274650,7,21,0,0,7_7_21
3,132382,299753,7,21,0,0,7_7_21
3,132382,326208,7,21,0,0,7_7_21
3,132382,1140901,7,21,0,0,7_7_21
3,132382,292201,7,6,6,6,1_7_6
3,132382,1013224,8,27,0,0,2_8_12_6_6_15
3,132382,389323,8,27,0,0,2_8_12_6_6_15
3,132382,360415,7,6,6,6,1_7_6
3,132382,1572766,7,21,0,0,7_7_21
3,132382,553145,9,33,0,0,3_9_18_6_6_15
3,132382,348891,7,6,6,6,1_7_6
3,14351,1140381,11,17,16,16,3_11_17
3,132382,519544,7,21,0,0,7_7_21
3,132382,400806,8,27,0,0,2_8_12_6_6_15
4,132382,975107,180,588,10,10,96_163_391_42_76_123_20_29_59_6_11_15
4,132382,361508,171,570,22,22,85_163_368_49_70_122_16_26_38_7_13_21_6_10_21
4,132382,1038273,8,26,0,0,4_8_20_4_4_6
4,132382,1925467,18,61,0,0,8_18_40_10_10_21
4,132382,1492119,12,43,0,0,2_7_11_5_10_25_5_5_7
4,132382,21816,7,21,0,0,7_7_21
4,132382,548,7,21,0,0,7_7_21
4,132382,329044,69,226,2,1,34_65_151_26_33_70_5_7_5
4,132382,468419,8,27,0,0,2_8_12_6_6_15
4,132382,152982,7,6,6,6,1_7_6
4,132382,1441,11,41,0,0,3_11_18_4_8_17_4_4_6
4,132382,7859,43,133,10,10,5_26_30_4_13_19_3_5_8_2_10_8_2_8_9_1_6_5_1_6_5_3_10_15_4_12_16_5_8_15_3_3_3
4,132382,1675273,9,12,12,1,2_9_12
4,132382,1737338,10,36,0,0,4_10_21_6_6_15
4,132382,9202,41,102,13,12,10_27_45_7_13_21_1_5_4_1_6_5_3_8_15_5_11_12
4,132382,540203,14,43,0,0,12_14_42_2_2_1
4,132382,78473,7,21,0,0,7_7_21
4,132382,92820,13,48,0,0,2_9_12_2_11_10_5_9_20_4_4_6
4,132382,933837,9,32,0,0,3_9_18_6_6_14
4,132382,90537,12,51,0,0,6_12_36_6_6_15
4,132382,700936,91,243,40,39,19_64_95_11_25_34_4_14_15_5_25_23_10_27_50_12_18_26
4,132382,5569,9,33,0,0,3_9_18_6_6_15
4,132382,527557,7,21,0,0,7_7_21
4,132382,103121,19,58,0,0,17_19_57_2_2_1
4,132382,297360,15,60,0,0,2_10_11_2_6_9_4_11_20_2_7_10_5_5_10
4,132382,1344574,7,6,6,6,1_7_6
4,132382,6415,9,12,12,12,2_9_12
4,132382,7382,7,6,6,6,1_7_6
4,132382,7635,11,33,1,1,8_11_32_2_2_1
4,132382,795329,8,27,0,0,2_8_12_6_6_15
4,132382,339930,7,6,6,6,1_7_6
4,132382,198418,8,12,12,12,2_8_12
4,132382,733827,7,6,6,1,1_7_6
4,132382,1131165,21,56,24,24,4_16_24_1_6_5_2_7_9_3_6_10_2_8_8
4,132382,109988,11,44,0,0,5_11_29_6_6_15
4,132382,576584,8,26,0,0,4_8_20_4_4_6
4,132382,12199,7,6,6,6,1_7_6
4,132382,12685,7,6,6,1,1_7_6
4,132382,1178286,7,6,6,0,1_7_6
4,132382,12699,11,42,0,0,5_11_30_6_6_12
4,132382,13789,11,43,0,0,5_11_30_6_6_13
4,132382,14967,9,33,0,0,3_9_18_6_6_15
4,132382,692137,8,26,0,0,4_8_20_4_4_6
4,132382,1866647,10,28,2,2,2_8_12_6_8_16
4,132382,21771,7,21,0,0,7_7_21
4,132382,939267,7,21,0,0,7_7_21
4,132382,185919,7,21,0,0,7_7_21
4,132382,497725,7,21,0,0,7_7_21
4,132382,865446,8,27,0,0,2_8_12_6_6_15
4,132382,241421,7,21,0,0,7_7_21
4,132382,1451368,13,23,22,5,4_13_23
4,132382,820938,10,39,0,0,4_10_24_6_6_15
4,132382,25089,9,32,0,0,3_9_18_6_6_14
4,132382,1467509,7,6,6,1,1_7_6
4,132382,28033,10,39,0,0,4_10_24_6_6_15
4,132382,28426,7,21,0,0,7_7_21
4,132382,111708,8,27,0,0,2_8_12_6_6_15
4,132382,28749,7,21,0,0,7_7_21
4,132382,739743,7,21,0,0,7_7_21
4,132382,1744157,14,53,0,0,7_14_39_5_7_13_2_2_1
4,132382,372846,7,6,6,6,1_7_6
4,132382,1571756,7,6,6,6,1_7_6
4,132382,33482,7,21,0,0,7_7_21
4,132382,165278,11,24,24,24,4_11_24
4,132382,565587,8,27,0,0,2_8_12_6_6_15
4,132382,354156,8,27,0,0,2_8_12_6_6_15
4,132382,863464,20,73,0,0,6_20_34_5_14_23_9_9_16
4,132382,36693,8,22,1,0,6_7_21_1_2_1
4,132382,39243,11,45,0,0,5_11_30_6_6_15
4,132382,129127,8,12,12,12,2_8_12
4,132382,406034,7,6,6,6,1_7_6
4,132382,44465,7,21,0,0,7_7_21
4,132382,315514,9,26,1,1,5_9_23_3_3_3
4,132382,74641,14,29,28,28,5_14_29
4,132382,47148,14,16,13,13,2_9_11_1_6_5
4,132382,47532,8,27,0,0,2_8_12_6_6_15
4,132382,1021041,13,17,16,16,3_13_17
4,132382,48215,8,27,0,0,2_8_12_6_6_15
4,132382,111410,7,21,0,0,7_7_21
4,132382,316549,14,43,0,0,12_14_42_2_2_1
4,132382,60269,14,36,7,5,4_13_24_5_8_12
4,132382,301637,7,21,0,0,7_7_21
4,132382,52869,7,21,0,0,7_7_21
4,132382,53350,8,12,12,12,2_8_12
4,132382,680836,8,22,1,1,6_7_21_1_2_1
4,132382,709470,7,21,0,0,7_7_21
4,132382,549666,12,51,0,0,6_12_36_6_6_15
4,132382,312223,7,6,6,6,1_7_6
4,132382,55950,10,39,0,0,4_10_24_6_6_15
4,132382,302607,7,21,0,0,7_7_21
4,132382,1213391,15,51,0,0,5_13_24_3_9_8_3_7_13_4_4_6
4,132382,181622,13,45,0,0,3_9_18_6_10_24_4_4_3
4,132382,59197,10,37,0,0,3_10_17_2_7_10_5_5_10
4,132382,59652,12,51,0,0,6_12_36_6_6_15
4,132382,59695,8,27,0,0,2_8_12_6_6_15
4,132382,1712008,7,6,6,2,1_7_6
4,132382,437974,7,21,0,0,7_7_21
4,132382,674934,7,21,0,0,7_7_21
4,132382,926481,7,6,6,6,1_7_6
4,132382,64401,7,6,6,6,1_7_6
4,132382,370579,9,33,0,0,3_9_18_6_6_15
4,132382,446667,12,44,0,0,5_12_26_5_7_17_2_2_1
4,132382,392410,7,21,0,0,7_7_21
4,132382,932793,7,21,0,0,7_7_21
4,132382,297881,7,6,6,6,1_7_6
4,132382,253847,7,6,6,6,1_7_6
4,132382,76673,7,6,6,6,1_7_6
4,132382,1135155,7,21,0,0,7_7_21
4,132382,183991,7,6,6,6,1_7_6
4,132382,667321,8,26,0,0,4_8_20_4_4_6
4,132382,857479,8,27,0,0,2_8_12_6_6_15
4,132382,601804,8,12,12,0,2_8_12
4,132382,217484,10,12,12,12,2_10_12
4,132382,236534,7,21,0,0,7_7_21
4,132382,426563,11,45,0,0,5_11_30_6_6_15
4,132382,1487080,14,28,7,2,7_14_27_1_2_1
4,132382,587277,7,21,0,0,7_7_21
4,132382,259691,7,21,0,0,7_7_21
4,132382,419479,8,27,0,0,2_8_12_6_6_15
4,132382,106557,9,33,0,0,3_9_18_6_6_15
4,132382,112263,11,45,0,0,5_11_30_6_6_15
4,132382,1151055,7,21,0,0,7_7_21
4,132382,226231,7,21,0,0,7_7_21
4,132382,132425,7,21,0,0,7_7_21
4,132382,144994,10,39,0,0,4_10_24_6_6_15
4,132382,436678,7,21,0,0,7_7_21
4,132382,154280,9,33,0,0,3_9_18_6_6_15
4,132382,280733,7,21,0,0,7_7_21
4,132382,165854,7,21,0,0,7_7_21
4,132382,1581013,7,21,0,0,7_7_21
4,132382,1684973,8,27,0,0,2_8_12_6_6_15
4,132382,397308,8,27,0,0,2_8_12_6_6_15
4,132382,854105,8,26,0,0,4_8_20_4_4_6
4,132382,967382,9,31,0,0,4_9_21_5_5_10
4,132382,860057,10,17,16,16,3_10_17
4,132382,278083,8,27,0,0,2_8_12_6_6_15
4,132382,1698603,7,6,6,6,1_7_6
4,132382,219987,9,33,0,0,3_9_18_6_6_15
4,132382,274460,10,39,0,0,4_10_24_6_6_15
4,132382,292201,7,21,0,0,7_7_21
4,132382,360415,7,21,0,0,7_7_21
4,14351,546746,8,27,0,0,2_8_12_6_6_15
5,132382,1353078,67,189,16,13,22_49_100_14_21_36_4_11_10_2_6_9_2_8_10_3_8_15_5_5_9
5,132382,621180,7,6,6,6,1_7_6
5,132382,642543,9,33,0,0,3_9_18_6_6_15
5,132382,5520,24,99,0,0,5_18_30_2_7_10_4_9_19_5_13_15_3_8_15_5_5_10
5,132382,6415,7,21,0,0,7_7_21
5,132382,90543,7,21,0,0,7_7_21
5,132382,1411843,7,6,6,6,1_7_6
5,132382,339930,8,26,0,0,4_8_20_4_4_6
5,132382,198418,7,21,0,0,7_7_21
5,132382,733827,12,11,10,2,2_12_11
5,132382,1131165,9,32,0,0,2_9_12_2_7_10_5_5_10
5,132382,9202,14,63,0,0,8_14_48_6_6_15
5,132382,12199,9,32,0,0,2_9_12_2_7_10_5_5_10
5,132382,571026,7,6,6,2,1_7_6
5,132382,15151,17,60,0,0,8_17_42_7_9_17_2_2_1
5,132382,16338,8,27,0,0,2_8_12_6_6_15
5,132382,1698603,13,27,5,5,7_8_22_1_6_5
5,132382,1829919,16,33,6,6,10_16_33
5,132382,22741,16,60,0,0,10_16_60
5,132382,153605,9,12,12,12,2_9_12
5,132382,1571756,12,36,0,0,12_12_36
5,132382,34576,9,32,0,0,2_9_12_2_7_10_5_5_10
5,132382,129127,7,21,0,0,7_7_21
5,132382,74524,12,36,0,0,12_12_36
5,132382,177682,10,38,0,0,4_10_24_6_6_14
5,132382,542003,17,23,22,22,4_17_23
5,132382,53350,7,21,0,0,7_7_21
5,132382,312223,10,39,0,0,4_10_24_6_6_15
5,132382,71007,10,39,0,0,4_10_24_6_6_15
5,132382,72269,10,38,0,0,4_10_24_6_6_14
5,132382,349333,9,33,0,0,3_9_18_6_6_15
5,132382,76227,7,6,6,0,1_7_6
5,132382,89170,7,6,6,6,1_7_6
5,132382,89183,7,21,0,0,7_7_21
5,132382,788525,9,12,12,12,2_9_12
5,132382,291659,7,21,0,0,7_7_21
6,132382,651394,9,31,0,0,4_9_21_5_5_10
6,132382,733827,7,6,6,1,1_7_6
6,132382,1755859,7,6,6,1,1_7_6
6,132382,74343,7,21,0,0,7_7_21
6,132382,1749731,12,23,20,20,3_9_18_1_6_5
6,132382,12685,15,17,15,15,2_10_12_1_6_5
6,132382,743590,12,44,0,0,4_11_24_5_8_17_3_3_3
6,132382,1346623,9,22,2,2,7_9_22
6,132382,50287,19,72,0,0,3_12_18_3_10_15_3_9_15_6_10_24
6,132382,278485,11,45,0,0,5_11_30_6_6_15
6,132382,89170,9,33,0,0,3_9_18_6_6_15
6,132382,788525,7,21,0,0,7_7_21
6,132382,1045692,9,33,0,0,3_9_18_6_6_15
7,132382,733827,12,11,10,10,2_12_11
7,132382,12685,14,46,0,0,6_14_30_8_8_16
7,132382,1374030,9,33,0,0,3_9_18_6_6_15
7,132382,601804,8,27,0,0,2_8_12_6_6_15
8,132382,1149087,16,57,0,0,5_16_27_6_11_30
