6507,647795,1,6507,0
6507,1065152,1,6507,0
6507,1872061,1,6507,0
6507,202311,1,6507,2
6507,256624,1,6507,2
6507,392356,1,6507,2
6507,452123,1,6507,2
6507,87117,1,6507,2
6507,883192,1,6507,2
6507,102660,1,6507,2
6507,1266864,1,6507,2
6507,1453223,1,6507,2
6507,1653344,1,6507,2
6507,193476,1,6507,2
6507,1015364,1,6507,3
6507,912571,1,6507,3
6507,929596,1,6507,3
10856,284636,1,10856,0
10856,1881380,1,10856,0
10856,146075,1,10856,1
10856,162287,1,10856,1
10856,17935,1,10856,1
10856,327740,1,10856,1
10856,527138,1,10856,1
10856,615466,1,10856,1
10856,817176,1,10856,1
10856,923197,1,10856,1
10856,1136029,1,10856,1
10856,1243304,1,10856,1
10856,1632094,1,10856,1
10856,96151,1,10856,1
10856,1912486,1,10856,1
10856,1787026,1,10856,2
17935,107597,1,10856,0
17935,571127,1,10856,0
17935,129111,1,10856,1
17935,246762,1,10856,1
17935,320644,1,10856,1
17935,348104,1,10856,1
17935,486299,1,10856,1
17935,10856,1,10856,1
17935,772644,1,10856,1
17935,930821,1,10856,1
17935,1034127,1,10856,1
17935,1057109,1,10856,1
17935,1076414,1,10856,1
17935,1428980,1,10856,1
17935,1466251,1,10856,1
34879,1704878,1,34879,0
34879,948866,1,34879,1
34879,1752839,1,34879,1
34879,192800,1,34879,3
34879,116564,1,34879,3
34879,796359,1,34879,4
34879,822378,1,34879,7
34879,368395,1,34879,7
34879,1186594,1,34879,7
34879,1709542,1,34879,7
34879,560360,1,34879,8
34879,872894,1,34879,8
34879,617440,1,34879,8
34879,1007951,1,34879,8
34879,678808,1,34879,8
34879,1542850,1,34879,8
34879,1696388,1,34879,8
34879,1701325,1,34879,8
34879,389345,1,34879,8
34879,447330,1,34879,8
34879,1739302,1,34879,8
34879,258183,1,34879,8
34879,1788708,1,34879,8
47335,968697,1,34879,0
47335,977136,1,34879,0
47335,1209746,1,34879,0
47335,1909421,1,34879,0
47335,1752839,1,34879,1
47335,77010,1,34879,3
47335,479466,1,34879,4
47335,353300,1,34879,5
47335,1235492,1,34879,5
47335,1442842,1,34879,5
47335,1186594,1,34879,7
47335,1337092,1,34879,7
47335,1709542,1,34879,7
47335,999739,1,34879,8
47335,770584,1,34879,8
47335,617440,1,34879,8
47335,678808,1,34879,8
47335,560360,1,34879,8
47335,752083,1,34879,8
47335,1680938,1,34879,8
47335,1696388,1,34879,8
47335,1701325,1,34879,8
47335,334290,1,34879,8
47335,447330,1,34879,8
47335,1788708,1,34879,8
47335,432653,1,34879,8
57511,1636421,1,34879,0
57511,1889443,1,34879,1
57511,116564,1,34879,2
57511,192800,1,34879,2
57511,207089,1,34879,2
57511,479466,1,34879,2
57511,679986,1,34879,2
57511,796359,1,34879,2
57511,1235492,1,34879,2
57511,1423390,1,34879,2
57511,77010,1,34879,2
57511,1696388,1,34879,2
57511,1788708,1,34879,2
57511,1886791,1,34879,2
57511,84779,1,34879,2
77010,533270,1,34879,0
77010,1636421,1,34879,0
77010,1909421,1,34879,0
77010,391642,1,34879,1
77010,1423390,1,34879,2
77010,57511,1,34879,2
77010,679986,1,34879,3
77010,872894,1,34879,3
77010,1007951,1,34879,3
77010,1122758,1,34879,3
77010,530907,1,34879,3
77010,47335,1,34879,3
77010,1701325,1,34879,3
77010,1739302,1,34879,3
77010,1752892,1,34879,3
77010,1788708,1,34879,3
77010,1886791,1,34879,3
77010,389345,1,34879,3
77595,275258,1,77595,1
77595,316422,1,77595,1
77595,506616,1,77595,1
77595,548157,1,77595,1
77595,573930,1,77595,1
77595,603275,1,77595,1
77595,697892,1,77595,1
77595,729351,1,77595,1
77595,1180518,1,77595,1
77595,1304648,1,77595,1
77595,1328260,1,77595,1
77595,1399633,1,77595,1
77595,1441299,1,77595,1
77595,1863141,1,77595,1
77595,598988,1,77595,2
84779,1217106,1,34879,0
84779,1909421,1,34879,0
84779,57511,1,34879,2
84779,1021260,1,34879,3
84779,1442842,1,34879,5
84779,678808,1,34879,6
84779,752083,1,34879,6
84779,432653,1,34879,6
84779,1122758,1,34879,6
84779,1186594,1,34879,6
84779,398985,1,34879,6
84779,1431284,1,34879,6
84779,617440,1,34879,6
84779,1653947,1,34879,6
84779,1701325,1,34879,6
84779,1752892,1,34879,6
84779,1886791,1,34879,6
84779,179055,1,34879,6
87117,171372,1,6507,1
87117,1048196,1,6507,1
87117,165600,1,6507,2
87117,6507,1,6507,2
87117,198108,1,6507,2
87117,347904,1,6507,2
87117,428284,1,6507,2
87117,619967,1,6507,2
87117,723542,1,6507,2
87117,984021,1,6507,2
87117,161531,1,6507,2
87117,1537627,1,6507,2
87117,1564207,1,6507,2
87117,1576188,1,6507,2
87117,1621261,1,6507,2
96151,107597,1,10856,0
96151,571127,1,10856,0
96151,1865765,1,10856,0
96151,246762,1,10856,1
96151,320644,1,10856,1
96151,348104,1,10856,1
96151,486299,1,10856,1
96151,10856,1,10856,1
96151,772644,1,10856,1
96151,930821,1,10856,1
96151,1034127,1,10856,1
96151,1057109,1,10856,1
96151,1076414,1,10856,1
96151,1428980,1,10856,1
96151,1466251,1,10856,1
96151,129111,1,10856,1
102660,647795,1,6507,0
102660,1048196,1,6507,1
102660,165600,1,6507,2
102660,198108,1,6507,2
102660,347904,1,6507,2
102660,428284,1,6507,2
102660,619967,1,6507,2
102660,6507,1,6507,2
102660,723542,1,6507,2
102660,929596,1,6507,2
102660,984021,1,6507,2
102660,161531,1,6507,2
102660,1564207,1,6507,2
102660,1576188,1,6507,2
102660,1621261,1,6507,2
107597,17935,1,10856,0
107597,96151,1,10856,0
107597,146075,1,10856,0
107597,162287,1,10856,0
107597,284636,1,10856,0
107597,327740,1,10856,0
107597,527138,1,10856,0
107597,615466,1,10856,0
107597,817176,1,10856,0
107597,923197,1,10856,0
107597,1136029,1,10856,0
107597,1243304,1,10856,0
107597,1632094,1,10856,0
107597,1881380,1,10856,0
116564,836520,1,34879,0
116564,1217106,1,34879,0
116564,948866,1,34879,1
116564,57511,1,34879,2
116564,389345,1,34879,3
116564,432653,1,34879,3
116564,447330,1,34879,3
116564,678808,1,34879,3
116564,752083,1,34879,3
116564,34879,1,34879,3
116564,179055,1,34879,3
116564,1057473,1,34879,3
116564,192800,1,34879,3
116564,1431284,1,34879,3
116564,1619589,1,34879,3
116564,1696388,1,34879,3
116564,1701325,1,34879,3
129111,1881380,1,10856,0
129111,96151,1,10856,1
129111,146075,1,10856,1
129111,162287,1,10856,1
129111,327740,1,10856,1
129111,527138,1,10856,1
129111,615466,1,10856,1
129111,817176,1,10856,1
129111,923197,1,10856,1
129111,1136029,1,10856,1
129111,1243304,1,10856,1
129111,1632094,1,10856,1
129111,17935,1,10856,1
129111,1912486,1,10856,1
129111,1787026,1,10856,2
146075,107597,1,10856,0
146075,571127,1,10856,0
146075,1865765,1,10856,0
146075,246762,1,10856,1
146075,348104,1,10856,1
146075,486299,1,10856,1
146075,10856,1,10856,1
146075,772644,1,10856,1
146075,930821,1,10856,1
146075,1034127,1,10856,1
146075,1057109,1,10856,1
146075,1076414,1,10856,1
146075,1428980,1,10856,1
146075,1466251,1,10856,1
146075,1787026,1,10856,1
146075,129111,1,10856,1
161531,647795,1,6507,0
161531,1065152,1,6507,0
161531,1872061,1,6507,0
161531,256624,1,6507,2
161531,392356,1,6507,2
161531,452123,1,6507,2
161531,87117,1,6507,2
161531,883192,1,6507,2
161531,102660,1,6507,2
161531,1266864,1,6507,2
161531,1453223,1,6507,2
161531,1653344,1,6507,2
161531,1785686,1,6507,2
161531,202311,1,6507,2
161531,912571,1,6507,3
161531,929596,1,6507,3
161531,1015364,1,6507,3
162287,107597,1,10856,0
162287,571127,1,10856,0
162287,1865765,1,10856,0
162287,246762,1,10856,1
162287,320644,1,10856,1
162287,348104,1,10856,1
162287,486299,1,10856,1
162287,10856,1,10856,1
162287,772644,1,10856,1
162287,930821,1,10856,1
162287,1034127,1,10856,1
162287,1057109,1,10856,1
162287,1076414,1,10856,1
162287,1428980,1,10856,1
162287,1466251,1,10856,1
162287,129111,1,10856,1
165600,647795,1,6507,0
165600,1872061,1,6507,0
165600,193476,1,6507,2
165600,202311,1,6507,2
165600,256624,1,6507,2
165600,392356,1,6507,2
165600,452123,1,6507,2
165600,87117,1,6507,2
165600,883192,1,6507,2
165600,1266864,1,6507,2
165600,1453223,1,6507,2
165600,1653344,1,6507,2
165600,1785686,1,6507,2
165600,102660,1,6507,2
165600,1015364,1,6507,3
165600,912571,1,6507,3
165600,929596,1,6507,3
171372,647795,1,6507,0
171372,1065152,1,6507,0
171372,1872061,1,6507,0
171372,392356,1,6507,1
171372,452123,1,6507,1
171372,87117,1,6507,1
171372,883192,1,6507,1
171372,912571,1,6507,1
171372,929596,1,6507,1
171372,1015364,1,6507,1
171372,193476,1,6507,1
171372,1266864,1,6507,1
171372,1453223,1,6507,1
171372,1653344,1,6507,1
171372,1785686,1,6507,1
171372,202311,1,6507,1
179055,968697,1,34879,0
179055,391642,1,34879,1
179055,711522,1,34879,1
179055,116564,1,34879,3
179055,479466,1,34879,4
179055,796359,1,34879,4
179055,398985,1,34879,6
179055,84779,1,34879,6
179055,1653947,1,34879,6
179055,368395,1,34879,7
179055,822378,1,34879,7
179055,207089,1,34879,8
179055,770584,1,34879,8
179055,678808,1,34879,8
179055,999739,1,34879,8
179055,1542850,1,34879,8
179055,1619589,1,34879,8
179055,1697043,1,34879,8
179055,1886791,1,34879,8
179055,432653,1,34879,9
179055,447330,1,34879,9
179055,258183,1,34879,9
179055,1752892,1,34879,9
179055,1788708,1,34879,9
179055,872894,1,34879,9
192800,1217106,1,34879,0
192800,1889443,1,34879,1
192800,57511,1,34879,2
192800,368395,1,34879,3
192800,479466,1,34879,3
192800,530907,1,34879,3
192800,678808,1,34879,3
192800,770584,1,34879,3
192800,796359,1,34879,3
192800,872894,1,34879,3
192800,34879,1,34879,3
192800,1235492,1,34879,3
192800,1337092,1,34879,3
192800,1696388,1,34879,3
192800,1788708,1,34879,3
192800,116564,1,34879,3
193476,1448764,1,6507,0
193476,171372,1,6507,1
193476,1048196,1,6507,1
193476,198108,1,6507,2
193476,347904,1,6507,2
193476,428284,1,6507,2
193476,619967,1,6507,2
193476,723542,1,6507,2
193476,984021,1,6507,2
193476,165600,1,6507,2
193476,6507,1,6507,2
193476,1537627,1,6507,2
193476,1576188,1,6507,2
193476,1621261,1,6507,2
193476,1785686,1,6507,2
198108,647795,1,6507,0
198108,1065152,1,6507,0
198108,1872061,1,6507,0
198108,202311,1,6507,2
198108,256624,1,6507,2
198108,392356,1,6507,2
198108,452123,1,6507,2
198108,87117,1,6507,2
198108,883192,1,6507,2
198108,102660,1,6507,2
198108,1266864,1,6507,2
198108,1453223,1,6507,2
198108,1653344,1,6507,2
198108,193476,1,6507,2
198108,1015364,1,6507,3
198108,912571,1,6507,3
198108,929596,1,6507,3
202311,1448764,1,6507,0
202311,171372,1,6507,1
202311,165600,1,6507,2
202311,161531,1,6507,2
202311,198108,1,6507,2
202311,347904,1,6507,2
202311,428284,1,6507,2
202311,619967,1,6507,2
202311,723542,1,6507,2
202311,984021,1,6507,2
202311,6507,1,6507,2
202311,1537627,1,6507,2
202311,1564207,1,6507,2
202311,1576188,1,6507,2
202311,1621261,1,6507,2
207089,533270,1,34879,0
207089,1704878,1,34879,0
207089,57511,1,34879,2
207089,1021260,1,34879,3
207089,479466,1,34879,4
207089,976565,1,34879,5
207089,1235492,1,34879,5
207089,1186594,1,34879,7
207089,1337092,1,34879,7
207089,1709542,1,34879,7
207089,258183,1,34879,8
207089,999739,1,34879,8
207089,447330,1,34879,8
207089,1122758,1,34879,8
207089,617440,1,34879,8
207089,560360,1,34879,8
207089,770584,1,34879,8
207089,1680938,1,34879,8
207089,1696388,1,34879,8
207089,1701325,1,34879,8
207089,179055,1,34879,8
207089,872894,1,34879,8
207089,1788708,1,34879,8
246762,284636,1,10856,0
246762,1881380,1,10856,0
246762,146075,1,10856,1
246762,162287,1,10856,1
246762,17935,1,10856,1
246762,327740,1,10856,1
246762,527138,1,10856,1
246762,615466,1,10856,1
246762,817176,1,10856,1
246762,923197,1,10856,1
246762,1136029,1,10856,1
246762,1243304,1,10856,1
246762,1632094,1,10856,1
246762,96151,1,10856,1
246762,1912486,1,10856,1
246762,1787026,1,10856,2
256624,1448764,1,6507,0
256624,1872061,1,6507,0
256624,1048196,1,6507,1
256624,198108,1,6507,2
256624,347904,1,6507,2
256624,428284,1,6507,2
256624,619967,1,6507,2
256624,723542,1,6507,2
256624,984021,1,6507,2
256624,165600,1,6507,2
256624,6507,1,6507,2
256624,1537627,1,6507,2
256624,1564207,1,6507,2
256624,1576188,1,6507,2
256624,1621261,1,6507,2
256624,161531,1,6507,2
258183,968697,1,34879,0
258183,391642,1,34879,1
258183,711522,1,34879,1
258183,948866,1,34879,1
258183,1752839,1,34879,1
258183,796359,1,34879,4
258183,976565,1,34879,5
258183,1337092,1,34879,7
258183,1709542,1,34879,7
258183,389345,1,34879,8
258183,34879,1,34879,8
258183,207089,1,34879,8
258183,1007951,1,34879,8
258183,752083,1,34879,8
258183,1542850,1,34879,8
258183,1619589,1,34879,8
258183,617440,1,34879,8
258183,1739302,1,34879,8
258183,1886791,1,34879,8
258183,1696388,1,34879,9
258183,179055,1,34879,9
258183,1788708,1,34879,9
258183,1680938,1,34879,9
275258,306410,1,77595,0
275258,430260,1,77595,0
275258,599795,1,77595,0
275258,719331,1,77595,0
275258,1136770,1,77595,0
275258,1164040,1,77595,0
275258,355929,1,77595,1
275258,77595,1,77595,1
275258,808321,1,77595,1
275258,945181,1,77595,1
275258,447404,1,77595,1
275258,598988,1,77595,1
275258,1168984,1,77595,1
275258,1323343,1,77595,1
275258,1445801,1,77595,1
275258,1608964,1,77595,1
275258,1647232,1,77595,1
275258,1741323,1,77595,1
275258,1871165,1,77595,1
279837,306410,1,77595,0
279837,430260,1,77595,0
279837,599795,1,77595,0
279837,719331,1,77595,0
279837,1136770,1,77595,0
279837,1164040,1,77595,0
279837,447404,1,77595,1
279837,808321,1,77595,1
279837,945181,1,77595,1
279837,598988,1,77595,1
279837,355929,1,77595,1
279837,1168984,1,77595,1
279837,1323343,1,77595,1
279837,1445801,1,77595,1
279837,1608964,1,77595,1
279837,1647232,1,77595,1
279837,1741323,1,77595,1
279837,1871165,1,77595,1
284636,10856,1,10856,0
284636,107597,1,10856,0
284636,246762,1,10856,0
284636,320644,1,10856,0
284636,486299,1,10856,0
284636,571127,1,10856,0
284636,772644,1,10856,0
284636,930821,1,10856,0
284636,1034127,1,10856,0
284636,1057109,1,10856,0
284636,1076414,1,10856,0
284636,1428980,1,10856,0
284636,1466251,1,10856,0
284636,1865765,1,10856,0
306410,275258,1,77595,0
306410,279837,1,77595,0
306410,316422,1,77595,0
306410,506616,1,77595,0
306410,548157,1,77595,0
306410,603275,1,77595,0
306410,697892,1,77595,0
306410,729351,1,77595,0
306410,1180518,1,77595,0
306410,1304648,1,77595,0
306410,1328260,1,77595,0
306410,1399633,1,77595,0
306410,1441299,1,77595,0
306410,1863141,1,77595,0
316422,306410,1,77595,0
316422,430260,1,77595,0
316422,599795,1,77595,0
316422,719331,1,77595,0
316422,1136770,1,77595,0
316422,1164040,1,77595,0
316422,355929,1,77595,1
316422,77595,1,77595,1
316422,808321,1,77595,1
316422,945181,1,77595,1
316422,447404,1,77595,1
316422,598988,1,77595,1
316422,1168984,1,77595,1
316422,1323343,1,77595,1
316422,1445801,1,77595,1
316422,1608964,1,77595,1
316422,1647232,1,77595,1
316422,1741323,1,77595,1
316422,1871165,1,77595,1
320644,284636,1,10856,0
320644,1881380,1,10856,0
320644,162287,1,10856,1
320644,17935,1,10856,1
320644,327740,1,10856,1
320644,527138,1,10856,1
320644,615466,1,10856,1
320644,817176,1,10856,1
320644,923197,1,10856,1
320644,1136029,1,10856,1
320644,1243304,1,10856,1
320644,1632094,1,10856,1
320644,1787026,1,10856,1
320644,96151,1,10856,1
320644,1912486,1,10856,1
327740,107597,1,10856,0
327740,571127,1,10856,0
327740,1865765,1,10856,0
327740,246762,1,10856,1
327740,320644,1,10856,1
327740,348104,1,10856,1
327740,486299,1,10856,1
327740,10856,1,10856,1
327740,772644,1,10856,1
327740,930821,1,10856,1
327740,1034127,1,10856,1
327740,1057109,1,10856,1
327740,1076414,1,10856,1
327740,1428980,1,10856,1
327740,1466251,1,10856,1
327740,129111,1,10856,1
334290,968697,1,34879,0
334290,1636421,1,34879,0
334290,948866,1,34879,1
334290,1423390,1,34879,2
334290,1645497,1,34879,2
334290,1021260,1,34879,3
334290,1235492,1,34879,5
334290,1442842,1,34879,5
334290,482792,1,34879,6
334290,1186594,1,34879,7
334290,368395,1,34879,7
334290,1057473,1,34879,8
334290,389345,1,34879,8
334290,432653,1,34879,8
334290,47335,1,34879,8
334290,1619589,1,34879,8
334290,1122758,1,34879,8
334290,447330,1,34879,8
334290,1696388,1,34879,8
334290,1701325,1,34879,8
334290,1739302,1,34879,8
334290,1788708,1,34879,8
334290,1886791,1,34879,8
347904,1065152,1,6507,0
347904,1872061,1,6507,0
347904,193476,1,6507,2
347904,202311,1,6507,2
347904,256624,1,6507,2
347904,392356,1,6507,2
347904,452123,1,6507,2
347904,883192,1,6507,2
347904,87117,1,6507,2
347904,1266864,1,6507,2
347904,1453223,1,6507,2
347904,1653344,1,6507,2
347904,1785686,1,6507,2
347904,102660,1,6507,2
347904,912571,1,6507,3
347904,929596,1,6507,3
347904,1015364,1,6507,3
348104,1881380,1,10856,0
348104,96151,1,10856,1
348104,146075,1,10856,1
348104,162287,1,10856,1
348104,327740,1,10856,1
348104,527138,1,10856,1
348104,615466,1,10856,1
348104,817176,1,10856,1
348104,923197,1,10856,1
348104,1136029,1,10856,1
348104,1243304,1,10856,1
348104,1632094,1,10856,1
348104,17935,1,10856,1
348104,1912486,1,10856,1
348104,1787026,1,10856,2
353300,1636421,1,34879,0
353300,1704878,1,34879,0
353300,391642,1,34879,1
353300,1752839,1,34879,1
353300,796359,1,34879,4
353300,479466,1,34879,4
353300,752083,1,34879,5
353300,678808,1,34879,5
353300,872894,1,34879,5
353300,976565,1,34879,5
353300,1337092,1,34879,5
353300,1442842,1,34879,5
353300,1619589,1,34879,5
353300,47335,1,34879,5
353300,1653947,1,34879,5
353300,1680938,1,34879,5
353300,679986,1,34879,5
353300,617440,1,34879,5
355929,275258,1,77595,1
355929,279837,1,77595,1
355929,316422,1,77595,1
355929,506616,1,77595,1
355929,573930,1,77595,1
355929,603275,1,77595,1
355929,697892,1,77595,1
355929,729351,1,77595,1
355929,1180518,1,77595,1
355929,1304648,1,77595,1
355929,1328260,1,77595,1
355929,1399633,1,77595,1
355929,1441299,1,77595,1
355929,1863141,1,77595,1
355929,1741323,1,77595,2
368395,391642,1,34879,1
368395,948866,1,34879,1
368395,192800,1,34879,3
368395,1442842,1,34879,5
368395,1653947,1,34879,6
368395,432653,1,34879,7
368395,770584,1,34879,7
368395,179055,1,34879,7
368395,999739,1,34879,7
368395,1007951,1,34879,7
368395,1337092,1,34879,7
368395,334290,1,34879,7
368395,34879,1,34879,7
368395,1696388,1,34879,7
368395,1697043,1,34879,7
368395,1701325,1,34879,7
368395,1788708,1,34879,7
368395,1886791,1,34879,7
389345,391642,1,34879,1
389345,948866,1,34879,1
389345,1752839,1,34879,1
389345,77010,1,34879,3
389345,116564,1,34879,3
389345,796359,1,34879,4
389345,976565,1,34879,5
389345,530907,1,34879,7
389345,1337092,1,34879,7
389345,617440,1,34879,8
389345,34879,1,34879,8
389345,872894,1,34879,8
389345,258183,1,34879,8
389345,447330,1,34879,8
389345,560360,1,34879,8
389345,1431284,1,34879,8
389345,1696388,1,34879,8
389345,1697043,1,34879,8
389345,1701325,1,34879,8
389345,334290,1,34879,8
389345,1752892,1,34879,8
389345,1886791,1,34879,8
391642,836520,1,34879,0
391642,1209746,1,34879,0
391642,258183,1,34879,1
391642,353300,1,34879,1
391642,368395,1,34879,1
391642,389345,1,34879,1
391642,530907,1,34879,1
391642,711522,1,34879,1
391642,77010,1,34879,1
391642,179055,1,34879,1
391642,1442842,1,34879,1
391642,1542850,1,34879,1
391642,1619589,1,34879,1
391642,1696388,1,34879,1
391642,1752839,1,34879,1
392356,1448764,1,6507,0
392356,171372,1,6507,1
392356,1048196,1,6507,1
392356,161531,1,6507,2
392356,198108,1,6507,2
392356,347904,1,6507,2
392356,428284,1,6507,2
392356,619967,1,6507,2
392356,723542,1,6507,2
392356,984021,1,6507,2
392356,165600,1,6507,2
392356,6507,1,6507,2
392356,1537627,1,6507,2
392356,1564207,1,6507,2
392356,1576188,1,6507,2
392356,1621261,1,6507,2
398985,1704878,1,34879,0
398985,1423390,1,34879,2
398985,1645497,1,34879,2
398985,1235492,1,34879,5
398985,1442842,1,34879,5
398985,1186594,1,34879,6
398985,770584,1,34879,6
398985,1337092,1,34879,6
398985,179055,1,34879,6
398985,1431284,1,34879,6
398985,872894,1,34879,6
398985,1542850,1,34879,6
398985,1619589,1,34879,6
398985,560360,1,34879,6
398985,1680938,1,34879,6
398985,1696388,1,34879,6
398985,84779,1,34879,6
398985,1709542,1,34879,6
428284,647795,1,6507,0
428284,1065152,1,6507,0
428284,1872061,1,6507,0
428284,202311,1,6507,2
428284,256624,1,6507,2
428284,392356,1,6507,2
428284,452123,1,6507,2
428284,87117,1,6507,2
428284,883192,1,6507,2
428284,102660,1,6507,2
428284,1266864,1,6507,2
428284,1453223,1,6507,2
428284,1653344,1,6507,2
428284,1785686,1,6507,2
428284,193476,1,6507,2
428284,912571,1,6507,3
428284,929596,1,6507,3
428284,1015364,1,6507,3
430260,275258,1,77595,0
430260,279837,1,77595,0
430260,316422,1,77595,0
430260,506616,1,77595,0
430260,548157,1,77595,0
430260,573930,1,77595,0
430260,603275,1,77595,0
430260,697892,1,77595,0
430260,729351,1,77595,0
430260,1304648,1,77595,0
430260,1328260,1,77595,0
430260,1399633,1,77595,0
430260,1441299,1,77595,0
430260,1863141,1,77595,0
432653,836520,1,34879,0
432653,977136,1,34879,0
432653,1909421,1,34879,0
432653,1645497,1,34879,2
432653,116564,1,34879,3
432653,479466,1,34879,4
432653,796359,1,34879,4
432653,976565,1,34879,5
432653,1235492,1,34879,5
432653,84779,1,34879,6
432653,368395,1,34879,7
432653,1186594,1,34879,7
432653,1709542,1,34879,7
432653,752083,1,34879,8
432653,999739,1,34879,8
432653,1057473,1,34879,8
432653,770584,1,34879,8
432653,679986,1,34879,8
432653,1542850,1,34879,8
432653,47335,1,34879,8
432653,1886791,1,34879,8
432653,334290,1,34879,8
432653,1680938,1,34879,9
432653,1696388,1,34879,9
432653,1701325,1,34879,9
432653,1122758,1,34879,9
432653,1752892,1,34879,9
432653,1788708,1,34879,9
432653,560360,1,34879,9
432653,179055,1,34879,9
447330,533270,1,34879,0
447330,968697,1,34879,0
447330,977136,1,34879,0
447330,1209746,1,34879,0
447330,1636421,1,34879,0
447330,1909421,1,34879,0
447330,116564,1,34879,3
447330,822378,1,34879,7
447330,1186594,1,34879,7
447330,770584,1,34879,8
447330,34879,1,34879,8
447330,47335,1,34879,8
447330,389345,1,34879,8
447330,678808,1,34879,8
447330,1542850,1,34879,8
447330,207089,1,34879,8
447330,1697043,1,34879,8
447330,1886791,1,34879,8
447330,334290,1,34879,8
447330,1680938,1,34879,9
447330,1696388,1,34879,9
447330,179055,1,34879,9
447330,1701325,1,34879,9
447330,1122758,1,34879,9
447330,872894,1,34879,9
447404,275258,1,77595,1
447404,279837,1,77595,1
447404,316422,1,77595,1
447404,506616,1,77595,1
447404,548157,1,77595,1
447404,573930,1,77595,1
447404,603275,1,77595,1
447404,697892,1,77595,1
447404,729351,1,77595,1
447404,1180518,1,77595,1
447404,1304648,1,77595,1
447404,1328260,1,77595,1
447404,1399633,1,77595,1
447404,1441299,1,77595,1
447404,1863141,1,77595,1
452123,1448764,1,6507,0
452123,171372,1,6507,1
452123,1048196,1,6507,1
452123,161531,1,6507,2
452123,198108,1,6507,2
452123,347904,1,6507,2
452123,428284,1,6507,2
452123,619967,1,6507,2
452123,723542,1,6507,2
452123,984021,1,6507,2
452123,165600,1,6507,2
452123,6507,1,6507,2
452123,1537627,1,6507,2
452123,1564207,1,6507,2
452123,1576188,1,6507,2
452123,1621261,1,6507,2
479466,1209746,1,34879,0
479466,711522,1,34879,1
479466,57511,1,34879,2
479466,192800,1,34879,3
479466,207089,1,34879,4
479466,353300,1,34879,4
479466,432653,1,34879,4
479466,179055,1,34879,4
479466,770584,1,34879,4
479466,1057473,1,34879,4
479466,1122758,1,34879,4
479466,1186594,1,34879,4
479466,47335,1,34879,4
479466,1431284,1,34879,4
479466,1442842,1,34879,4
479466,1696388,1,34879,4
479466,1701325,1,34879,4
482792,968697,1,34879,0
482792,976565,1,34879,5
482792,770584,1,34879,6
482792,822378,1,34879,6
482792,334290,1,34879,6
482792,617440,1,34879,6
482792,999739,1,34879,6
482792,1007951,1,34879,6
482792,1337092,1,34879,6
482792,1680938,1,34879,6
482792,1696388,1,34879,6
482792,1697043,1,34879,6
482792,1709542,1,34879,6
482792,1752892,1,34879,6
482792,1886791,1,34879,6
486299,284636,1,10856,0
486299,1881380,1,10856,0
486299,146075,1,10856,1
486299,162287,1,10856,1
486299,17935,1,10856,1
486299,327740,1,10856,1
486299,527138,1,10856,1
486299,615466,1,10856,1
486299,817176,1,10856,1
486299,923197,1,10856,1
486299,1136029,1,10856,1
486299,1243304,1,10856,1
486299,1632094,1,10856,1
486299,96151,1,10856,1
486299,1912486,1,10856,1
486299,1787026,1,10856,2
506616,306410,1,77595,0
506616,430260,1,77595,0
506616,599795,1,77595,0
506616,719331,1,77595,0
506616,1136770,1,77595,0
506616,1164040,1,77595,0
506616,355929,1,77595,1
506616,77595,1,77595,1
506616,808321,1,77595,1
506616,945181,1,77595,1
506616,447404,1,77595,1
506616,598988,1,77595,1
506616,1168984,1,77595,1
506616,1323343,1,77595,1
506616,1445801,1,77595,1
506616,1608964,1,77595,1
506616,1647232,1,77595,1
506616,1741323,1,77595,1
506616,1871165,1,77595,1
527138,107597,1,10856,0
527138,571127,1,10856,0
527138,1865765,1,10856,0
527138,246762,1,10856,1
527138,320644,1,10856,1
527138,348104,1,10856,1
527138,486299,1,10856,1
527138,10856,1,10856,1
527138,772644,1,10856,1
527138,930821,1,10856,1
527138,1034127,1,10856,1
527138,1057109,1,10856,1
527138,1076414,1,10856,1
527138,1428980,1,10856,1
527138,1466251,1,10856,1
527138,129111,1,10856,1
530907,968697,1,34879,0
530907,391642,1,34879,1
530907,192800,1,34879,3
530907,77010,1,34879,3
530907,1021260,1,34879,3
530907,1653947,1,34879,6
530907,679986,1,34879,7
530907,822378,1,34879,7
530907,389345,1,34879,7
530907,1007951,1,34879,7
530907,560360,1,34879,7
530907,1122758,1,34879,7
530907,1186594,1,34879,7
530907,1619589,1,34879,7
530907,678808,1,34879,7
530907,1709542,1,34879,7
530907,1739302,1,34879,7
530907,1752892,1,34879,7
530907,1886791,1,34879,7
533270,77010,1,34879,0
533270,207089,1,34879,0
533270,447330,1,34879,0
533270,678808,1,34879,0
533270,1217106,1,34879,0
533270,1337092,1,34879,0
533270,1423390,1,34879,0
533270,1619589,1,34879,0
533270,1696388,1,34879,0
533270,1697043,1,34879,0
533270,1704878,1,34879,0
533270,1752839,1,34879,0
533270,1886791,1,34879,0
533270,1889443,1,34879,0
548157,306410,1,77595,0
548157,430260,1,77595,0
548157,599795,1,77595,0
548157,719331,1,77595,0
548157,1136770,1,77595,0
548157,77595,1,77595,1
548157,447404,1,77595,1
548157,808321,1,77595,1
548157,945181,1,77595,1
548157,598988,1,77595,1
548157,1168984,1,77595,1
548157,1445801,1,77595,1
548157,1608964,1,77595,1
548157,1647232,1,77595,1
548157,1741323,1,77595,1
548157,1871165,1,77595,1
560360,1636421,1,34879,0
560360,711522,1,34879,1
560360,948866,1,34879,1
560360,398985,1,34879,6
560360,1653947,1,34879,6
560360,530907,1,34879,7
560360,822378,1,34879,7
560360,617440,1,34879,8
560360,47335,1,34879,8
560360,207089,1,34879,8
560360,999739,1,34879,8
560360,1057473,1,34879,8
560360,1542850,1,34879,8
560360,34879,1,34879,8
560360,389345,1,34879,8
560360,1697043,1,34879,8
560360,1739302,1,34879,8
560360,1431284,1,34879,9
560360,1680938,1,34879,9
560360,872894,1,34879,9
560360,1701325,1,34879,9
560360,432653,1,34879,9
560360,1752892,1,34879,9
560360,1788708,1,34879,9
571127,17935,1,10856,0
571127,96151,1,10856,0
571127,146075,1,10856,0
571127,162287,1,10856,0
571127,284636,1,10856,0
571127,327740,1,10856,0
571127,527138,1,10856,0
571127,615466,1,10856,0
571127,817176,1,10856,0
571127,923197,1,10856,0
571127,1136029,1,10856,0
571127,1243304,1,10856,0
571127,1632094,1,10856,0
571127,1912486,1,10856,0
573930,430260,1,77595,0
573930,599795,1,77595,0
573930,719331,1,77595,0
573930,1136770,1,77595,0
573930,1164040,1,77595,0
573930,355929,1,77595,1
573930,77595,1,77595,1
573930,808321,1,77595,1
573930,945181,1,77595,1
573930,447404,1,77595,1
573930,598988,1,77595,1
573930,1168984,1,77595,1
573930,1323343,1,77595,1
573930,1445801,1,77595,1
573930,1608964,1,77595,1
573930,1647232,1,77595,1
573930,1871165,1,77595,1
598988,275258,1,77595,1
598988,279837,1,77595,1
598988,316422,1,77595,1
598988,506616,1,77595,1
598988,548157,1,77595,1
598988,573930,1,77595,1
598988,603275,1,77595,1
598988,697892,1,77595,1
598988,729351,1,77595,1
598988,1180518,1,77595,1
598988,1304648,1,77595,1
598988,1399633,1,77595,1
598988,1441299,1,77595,1
598988,1863141,1,77595,1
598988,1323343,1,77595,2
598988,77595,1,77595,2
599795,275258,1,77595,0
599795,279837,1,77595,0
599795,316422,1,77595,0
599795,506616,1,77595,0
599795,548157,1,77595,0
599795,573930,1,77595,0
599795,603275,1,77595,0
599795,697892,1,77595,0
599795,729351,1,77595,0
599795,1180518,1,77595,0
599795,1328260,1,77595,0
599795,1399633,1,77595,0
599795,1441299,1,77595,0
599795,1863141,1,77595,0
603275,306410,1,77595,0
603275,430260,1,77595,0
603275,599795,1,77595,0
603275,1136770,1,77595,0
603275,1164040,1,77595,0
603275,598988,1,77595,1
603275,355929,1,77595,1
603275,808321,1,77595,1
603275,945181,1,77595,1
603275,77595,1,77595,1
603275,447404,1,77595,1
603275,1168984,1,77595,1
603275,1323343,1,77595,1
603275,1445801,1,77595,1
603275,1608964,1,77595,1
603275,1647232,1,77595,1
603275,1741323,1,77595,1
603275,1871165,1,77595,1
615466,107597,1,10856,0
615466,571127,1,10856,0
615466,1865765,1,10856,0
615466,246762,1,10856,1
615466,320644,1,10856,1
615466,348104,1,10856,1
615466,486299,1,10856,1
615466,10856,1,10856,1
615466,772644,1,10856,1
615466,930821,1,10856,1
615466,1034127,1,10856,1
615466,1057109,1,10856,1
615466,1076414,1,10856,1
615466,1428980,1,10856,1
615466,1466251,1,10856,1
615466,129111,1,10856,1
617440,1209746,1,34879,0
617440,1909421,1,34879,0
617440,1889443,1,34879,1
617440,353300,1,34879,5
617440,482792,1,34879,6
617440,84779,1,34879,6
617440,1337092,1,34879,7
617440,1709542,1,34879,7
617440,560360,1,34879,8
617440,999739,1,34879,8
617440,1007951,1,34879,8
617440,1057473,1,34879,8
617440,1122758,1,34879,8
617440,34879,1,34879,8
617440,389345,1,34879,8
617440,1431284,1,34879,8
617440,258183,1,34879,8
617440,1752892,1,34879,8
617440,1788708,1,34879,8
617440,207089,1,34879,8
617440,47335,1,34879,8
619967,647795,1,6507,0
619967,1065152,1,6507,0
619967,1872061,1,6507,0
619967,202311,1,6507,2
619967,256624,1,6507,2
619967,392356,1,6507,2
619967,452123,1,6507,2
619967,87117,1,6507,2
619967,883192,1,6507,2
619967,102660,1,6507,2
619967,1266864,1,6507,2
619967,1453223,1,6507,2
619967,1785686,1,6507,2
619967,193476,1,6507,2
619967,1015364,1,6507,3
619967,912571,1,6507,3
619967,929596,1,6507,3
647795,6507,1,6507,0
647795,102660,1,6507,0
647795,161531,1,6507,0
647795,165600,1,6507,0
647795,171372,1,6507,0
647795,198108,1,6507,0
647795,428284,1,6507,0
647795,619967,1,6507,0
647795,723542,1,6507,0
647795,929596,1,6507,0
647795,1048196,1,6507,0
647795,1537627,1,6507,0
647795,1576188,1,6507,0
647795,1621261,1,6507,0
678808,533270,1,34879,0
678808,948866,1,34879,1
678808,1645497,1,34879,2
678808,116564,1,34879,3
678808,192800,1,34879,3
678808,1021260,1,34879,3
678808,353300,1,34879,5
678808,84779,1,34879,6
678808,1653947,1,34879,6
678808,1186594,1,34879,7
678808,530907,1,34879,7
678808,47335,1,34879,8
678808,1007951,1,34879,8
678808,179055,1,34879,8
678808,34879,1,34879,8
678808,1431284,1,34879,8
678808,1542850,1,34879,8
678808,1619589,1,34879,8
678808,447330,1,34879,8
678808,872894,1,34879,8
678808,1680938,1,34879,8
678808,1701325,1,34879,8
678808,1739302,1,34879,8
678808,1788708,1,34879,8
679986,1209746,1,34879,0
679986,57511,1,34879,2
679986,1021260,1,34879,3
679986,77010,1,34879,3
679986,353300,1,34879,5
679986,1653947,1,34879,6
679986,530907,1,34879,7
679986,1337092,1,34879,7
679986,872894,1,34879,8
679986,1057473,1,34879,8
679986,432653,1,34879,8
679986,1007951,1,34879,8
679986,1431284,1,34879,8
679986,1542850,1,34879,8
679986,770584,1,34879,8
679986,1680938,1,34879,8
679986,1696388,1,34879,8
679986,1697043,1,34879,8
679986,1739302,1,34879,8
679986,1752892,1,34879,8
697892,306410,1,77595,0
697892,430260,1,77595,0
697892,599795,1,77595,0
697892,719331,1,77595,0
697892,1136770,1,77595,0
697892,1164040,1,77595,0
697892,355929,1,77595,1
697892,77595,1,77595,1
697892,808321,1,77595,1
697892,945181,1,77595,1
697892,447404,1,77595,1
697892,598988,1,77595,1
697892,1168984,1,77595,1
697892,1323343,1,77595,1
697892,1445801,1,77595,1
697892,1608964,1,77595,1
697892,1647232,1,77595,1
697892,1741323,1,77595,1
697892,1871165,1,77595,1
711522,836520,1,34879,0
711522,977136,1,34879,0
711522,1704878,1,34879,0
711522,479466,1,34879,1
711522,560360,1,34879,1
711522,179055,1,34879,1
711522,872894,1,34879,1
711522,258183,1,34879,1
711522,1235492,1,34879,1
711522,1337092,1,34879,1
711522,1442842,1,34879,1
711522,1619589,1,34879,1
711522,1696388,1,34879,1
711522,391642,1,34879,1
711522,1709542,1,34879,1
711522,1886791,1,34879,1
719331,275258,1,77595,0
719331,279837,1,77595,0
719331,316422,1,77595,0
719331,506616,1,77595,0
719331,548157,1,77595,0
719331,573930,1,77595,0
719331,697892,1,77595,0
719331,729351,1,77595,0
719331,1180518,1,77595,0
719331,1304648,1,77595,0
719331,1328260,1,77595,0
719331,1399633,1,77595,0
719331,1441299,1,77595,0
719331,1863141,1,77595,0
723542,647795,1,6507,0
723542,1065152,1,6507,0
723542,1872061,1,6507,0
723542,202311,1,6507,2
723542,256624,1,6507,2
723542,392356,1,6507,2
723542,452123,1,6507,2
723542,87117,1,6507,2
723542,883192,1,6507,2
723542,102660,1,6507,2
723542,1266864,1,6507,2
723542,1453223,1,6507,2
723542,1653344,1,6507,2
723542,1785686,1,6507,2
723542,193476,1,6507,2
723542,912571,1,6507,3
723542,929596,1,6507,3
723542,1015364,1,6507,3
729351,306410,1,77595,0
729351,430260,1,77595,0
729351,599795,1,77595,0
729351,719331,1,77595,0
729351,1136770,1,77595,0
729351,1164040,1,77595,0
729351,355929,1,77595,1
729351,77595,1,77595,1
729351,808321,1,77595,1
729351,945181,1,77595,1
729351,447404,1,77595,1
729351,598988,1,77595,1
729351,1168984,1,77595,1
729351,1323343,1,77595,1
729351,1445801,1,77595,1
729351,1608964,1,77595,1
729351,1647232,1,77595,1
729351,1741323,1,77595,1
729351,1871165,1,77595,1
752083,1217106,1,34879,0
752083,1889443,1,34879,1
752083,116564,1,34879,3
752083,1021260,1,34879,3
752083,353300,1,34879,5
752083,1235492,1,34879,5
752083,84779,1,34879,6
752083,1709542,1,34879,7
752083,258183,1,34879,8
752083,1057473,1,34879,8
752083,1122758,1,34879,8
752083,47335,1,34879,8
752083,432653,1,34879,8
752083,1431284,1,34879,8
752083,1696388,1,34879,8
752083,1697043,1,34879,8
752083,1701325,1,34879,8
752083,1007951,1,34879,8
752083,1739302,1,34879,8
752083,1886791,1,34879,8
752083,872894,1,34879,8
770584,977136,1,34879,0
770584,192800,1,34879,3
770584,479466,1,34879,4
770584,398985,1,34879,6
770584,482792,1,34879,6
770584,368395,1,34879,7
770584,432653,1,34879,8
770584,447330,1,34879,8
770584,179055,1,34879,8
770584,207089,1,34879,8
770584,679986,1,34879,8
770584,872894,1,34879,8
770584,47335,1,34879,8
770584,1007951,1,34879,8
770584,1122758,1,34879,8
770584,1431284,1,34879,8
770584,1696388,1,34879,8
770584,1701325,1,34879,8
770584,1752892,1,34879,8
772644,284636,1,10856,0
772644,1881380,1,10856,0
772644,146075,1,10856,1
772644,162287,1,10856,1
772644,17935,1,10856,1
772644,327740,1,10856,1
772644,527138,1,10856,1
772644,615466,1,10856,1
772644,817176,1,10856,1
772644,923197,1,10856,1
772644,1136029,1,10856,1
772644,1243304,1,10856,1
772644,1632094,1,10856,1
772644,96151,1,10856,1
772644,1912486,1,10856,1
772644,1787026,1,10856,2
796359,57511,1,34879,2
796359,1423390,1,34879,2
796359,192800,1,34879,3
796359,179055,1,34879,4
796359,258183,1,34879,4
796359,353300,1,34879,4
796359,389345,1,34879,4
796359,432653,1,34879,4
796359,976565,1,34879,4
796359,1007951,1,34879,4
796359,1186594,1,34879,4
796359,1235492,1,34879,4
796359,34879,1,34879,4
796359,1542850,1,34879,4
796359,1619589,1,34879,4
796359,1886791,1,34879,4
808321,275258,1,77595,1
808321,279837,1,77595,1
808321,316422,1,77595,1
808321,506616,1,77595,1
808321,548157,1,77595,1
808321,573930,1,77595,1
808321,603275,1,77595,1
808321,697892,1,77595,1
808321,729351,1,77595,1
808321,1180518,1,77595,1
808321,1304648,1,77595,1
808321,1328260,1,77595,1
808321,1399633,1,77595,1
808321,1441299,1,77595,1
808321,1863141,1,77595,1
817176,107597,1,10856,0
817176,571127,1,10856,0
817176,1865765,1,10856,0
817176,246762,1,10856,1
817176,320644,1,10856,1
817176,348104,1,10856,1
817176,486299,1,10856,1
817176,10856,1,10856,1
817176,772644,1,10856,1
817176,930821,1,10856,1
817176,1034127,1,10856,1
817176,1057109,1,10856,1
817176,1076414,1,10856,1
817176,1428980,1,10856,1
817176,1466251,1,10856,1
817176,129111,1,10856,1
822378,1442842,1,34879,5
822378,482792,1,34879,6
822378,447330,1,34879,7
822378,179055,1,34879,7
822378,530907,1,34879,7
822378,560360,1,34879,7
822378,999739,1,34879,7
822378,1007951,1,34879,7
822378,1186594,1,34879,7
822378,1431284,1,34879,7
822378,34879,1,34879,7
822378,1542850,1,34879,7
822378,1697043,1,34879,7
822378,1752892,1,34879,7
822378,1886791,1,34879,7
836520,116564,1,34879,0
836520,391642,1,34879,0
836520,432653,1,34879,0
836520,711522,1,34879,0
836520,948866,1,34879,0
836520,999739,1,34879,0
836520,1057473,1,34879,0
836520,1122758,1,34879,0
836520,1186594,1,34879,0
836520,1337092,1,34879,0
836520,1431284,1,34879,0
836520,1645497,1,34879,0
836520,1739302,1,34879,0
836520,1752892,1,34879,0
872894,1209746,1,34879,0
872894,711522,1,34879,1
872894,192800,1,34879,3
872894,77010,1,34879,3
872894,1021260,1,34879,3
872894,353300,1,34879,5
872894,976565,1,34879,5
872894,1235492,1,34879,5
872894,1442842,1,34879,5
872894,398985,1,34879,6
872894,678808,1,34879,8
872894,679986,1,34879,8
872894,752083,1,34879,8
872894,770584,1,34879,8
872894,389345,1,34879,8
872894,999739,1,34879,8
872894,207089,1,34879,8
872894,34879,1,34879,8
872894,1619589,1,34879,8
872894,1697043,1,34879,8
872894,1886791,1,34879,8
872894,447330,1,34879,9
872894,179055,1,34879,9
872894,1680938,1,34879,9
872894,1696388,1,34879,9
872894,560360,1,34879,9
872894,1701325,1,34879,9
872894,1431284,1,34879,9
883192,1448764,1,6507,0
883192,171372,1,6507,1
883192,1048196,1,6507,1
883192,161531,1,6507,2
883192,198108,1,6507,2
883192,347904,1,6507,2
883192,428284,1,6507,2
883192,619967,1,6507,2
883192,723542,1,6507,2
883192,984021,1,6507,2
883192,165600,1,6507,2
883192,6507,1,6507,2
883192,1537627,1,6507,2
883192,1564207,1,6507,2
883192,1576188,1,6507,2
883192,1621261,1,6507,2
912571,1448764,1,6507,0
912571,171372,1,6507,1
912571,1048196,1,6507,1
912571,161531,1,6507,3
912571,198108,1,6507,3
912571,347904,1,6507,3
912571,428284,1,6507,3
912571,619967,1,6507,3
912571,723542,1,6507,3
912571,984021,1,6507,3
912571,165600,1,6507,3
912571,6507,1,6507,3
912571,1537627,1,6507,3
912571,1564207,1,6507,3
912571,1576188,1,6507,3
912571,1621261,1,6507,3
912571,1015364,1,6507,4
923197,107597,1,10856,0
923197,571127,1,10856,0
923197,1865765,1,10856,0
923197,246762,1,10856,1
923197,320644,1,10856,1
923197,348104,1,10856,1
923197,486299,1,10856,1
923197,10856,1,10856,1
923197,772644,1,10856,1
923197,930821,1,10856,1
923197,1034127,1,10856,1
923197,1057109,1,10856,1
923197,1076414,1,10856,1
923197,1428980,1,10856,1
923197,1466251,1,10856,1
923197,129111,1,10856,1
929596,647795,1,6507,0
929596,1448764,1,6507,0
929596,171372,1,6507,1
929596,102660,1,6507,2
929596,161531,1,6507,3
929596,198108,1,6507,3
929596,347904,1,6507,3
929596,428284,1,6507,3
929596,619967,1,6507,3
929596,6507,1,6507,3
929596,723542,1,6507,3
929596,984021,1,6507,3
929596,165600,1,6507,3
929596,1537627,1,6507,3
929596,1564207,1,6507,3
929596,1576188,1,6507,3
929596,1621261,1,6507,3
930821,284636,1,10856,0
930821,1881380,1,10856,0
930821,146075,1,10856,1
930821,162287,1,10856,1
930821,17935,1,10856,1
930821,327740,1,10856,1
930821,527138,1,10856,1
930821,615466,1,10856,1
930821,817176,1,10856,1
930821,923197,1,10856,1
930821,1136029,1,10856,1
930821,1243304,1,10856,1
930821,1632094,1,10856,1
930821,96151,1,10856,1
930821,1912486,1,10856,1
930821,1787026,1,10856,2
945181,275258,1,77595,1
945181,279837,1,77595,1
945181,316422,1,77595,1
945181,506616,1,77595,1
945181,548157,1,77595,1
945181,573930,1,77595,1
945181,603275,1,77595,1
945181,697892,1,77595,1
945181,729351,1,77595,1
945181,1180518,1,77595,1
945181,1304648,1,77595,1
945181,1328260,1,77595,1
945181,1399633,1,77595,1
945181,1441299,1,77595,1
945181,1863141,1,77595,1
948866,836520,1,34879,0
948866,1217106,1,34879,0
948866,1704878,1,34879,0
948866,334290,1,34879,1
948866,368395,1,34879,1
948866,389345,1,34879,1
948866,560360,1,34879,1
948866,678808,1,34879,1
948866,34879,1,34879,1
948866,1122758,1,34879,1
948866,1186594,1,34879,1
948866,116564,1,34879,1
948866,1645497,1,34879,1
948866,1697043,1,34879,1
948866,258183,1,34879,1
948866,1886791,1,34879,1
968697,47335,1,34879,0
968697,179055,1,34879,0
968697,258183,1,34879,0
968697,334290,1,34879,0
968697,447330,1,34879,0
968697,482792,1,34879,0
968697,530907,1,34879,0
968697,1007951,1,34879,0
968697,1122758,1,34879,0
968697,1186594,1,34879,0
968697,1431284,1,34879,0
968697,1636421,1,34879,0
968697,1709542,1,34879,0
968697,1788708,1,34879,0
976565,1645497,1,34879,2
976565,796359,1,34879,4
976565,353300,1,34879,5
976565,389345,1,34879,5
976565,432653,1,34879,5
976565,482792,1,34879,5
976565,258183,1,34879,5
976565,872894,1,34879,5
976565,1007951,1,34879,5
976565,1122758,1,34879,5
976565,207089,1,34879,5
976565,1680938,1,34879,5
976565,1701325,1,34879,5
976565,1709542,1,34879,5
976565,1788708,1,34879,5
977136,47335,1,34879,0
977136,432653,1,34879,0
977136,447330,1,34879,0
977136,711522,1,34879,0
977136,770584,1,34879,0
977136,1007951,1,34879,0
977136,1122758,1,34879,0
977136,1186594,1,34879,0
977136,1209746,1,34879,0
977136,1337092,1,34879,0
977136,1423390,1,34879,0
977136,1542850,1,34879,0
977136,1680938,1,34879,0
977136,1709542,1,34879,0
984021,1065152,1,6507,0
984021,102660,1,6507,2
984021,193476,1,6507,2
984021,202311,1,6507,2
984021,256624,1,6507,2
984021,392356,1,6507,2
984021,452123,1,6507,2
984021,883192,1,6507,2
984021,87117,1,6507,2
984021,1266864,1,6507,2
984021,1453223,1,6507,2
984021,1653344,1,6507,2
984021,1785686,1,6507,2
984021,1015364,1,6507,3
984021,912571,1,6507,3
984021,929596,1,6507,3
999739,836520,1,34879,0
999739,1209746,1,34879,0
999739,1636421,1,34879,0
999739,1909421,1,34879,0
999739,1889443,1,34879,1
999739,1423390,1,34879,2
999739,1645497,1,34879,2
999739,482792,1,34879,6
999739,1653947,1,34879,6
999739,822378,1,34879,7
999739,1709542,1,34879,7
999739,368395,1,34879,7
999739,1122758,1,34879,8
999739,179055,1,34879,8
999739,617440,1,34879,8
999739,1431284,1,34879,8
999739,207089,1,34879,8
999739,560360,1,34879,8
999739,47335,1,34879,8
999739,1701325,1,34879,8
999739,872894,1,34879,8
999739,432653,1,34879,8
999739,1057473,1,34879,8
1007951,968697,1,34879,0
1007951,977136,1,34879,0
1007951,1704878,1,34879,0
1007951,77010,1,34879,3
1007951,796359,1,34879,4
1007951,976565,1,34879,5
1007951,1235492,1,34879,5
1007951,1442842,1,34879,5
1007951,482792,1,34879,6
1007951,822378,1,34879,7
1007951,530907,1,34879,7
1007951,368395,1,34879,7
1007951,752083,1,34879,8
1007951,34879,1,34879,8
1007951,770584,1,34879,8
1007951,679986,1,34879,8
1007951,1122758,1,34879,8
1007951,617440,1,34879,8
1007951,1431284,1,34879,8
1007951,678808,1,34879,8
1007951,1542850,1,34879,8
1007951,258183,1,34879,8
1007951,1752892,1,34879,8
1007951,1788708,1,34879,8
1015364,1448764,1,6507,0
1015364,171372,1,6507,1
1015364,1048196,1,6507,1
1015364,161531,1,6507,3
1015364,198108,1,6507,3
1015364,347904,1,6507,3
1015364,428284,1,6507,3
1015364,619967,1,6507,3
1015364,723542,1,6507,3
1015364,984021,1,6507,3
1015364,165600,1,6507,3
1015364,6507,1,6507,3
1015364,1537627,1,6507,3
1015364,1564207,1,6507,3
1015364,1576188,1,6507,3
1015364,1621261,1,6507,3
1015364,912571,1,6507,4
1021260,1704878,1,34879,0
1021260,1423390,1,34879,2
1021260,334290,1,34879,3
1021260,530907,1,34879,3
1021260,678808,1,34879,3
1021260,679986,1,34879,3
1021260,752083,1,34879,3
1021260,872894,1,34879,3
1021260,1122758,1,34879,3
1021260,1186594,1,34879,3
1021260,1337092,1,34879,3
1021260,207089,1,34879,3
1021260,1696388,1,34879,3
1021260,84779,1,34879,3
1021260,1752892,1,34879,3
1034127,284636,1,10856,0
1034127,1881380,1,10856,0
1034127,146075,1,10856,1
1034127,162287,1,10856,1
1034127,17935,1,10856,1
1034127,327740,1,10856,1
1034127,527138,1,10856,1
1034127,615466,1,10856,1
1034127,817176,1,10856,1
1034127,923197,1,10856,1
1034127,1136029,1,10856,1
1034127,1243304,1,10856,1
1034127,1632094,1,10856,1
1034127,96151,1,10856,1
1034127,1912486,1,10856,1
1034127,1787026,1,10856,2
1048196,647795,1,6507,0
1048196,1065152,1,6507,0
1048196,1872061,1,6507,0
1048196,256624,1,6507,1
1048196,392356,1,6507,1
1048196,452123,1,6507,1
1048196,87117,1,6507,1
1048196,883192,1,6507,1
1048196,912571,1,6507,1
1048196,1015364,1,6507,1
1048196,102660,1,6507,1
1048196,1266864,1,6507,1
1048196,1453223,1,6507,1
1048196,1653344,1,6507,1
1048196,1785686,1,6507,1
1048196,193476,1,6507,1
1057109,284636,1,10856,0
1057109,1881380,1,10856,0
1057109,146075,1,10856,1
1057109,162287,1,10856,1
1057109,17935,1,10856,1
1057109,327740,1,10856,1
1057109,527138,1,10856,1
1057109,615466,1,10856,1
1057109,817176,1,10856,1
1057109,923197,1,10856,1
1057109,1136029,1,10856,1
1057109,1243304,1,10856,1
1057109,1632094,1,10856,1
1057109,96151,1,10856,1
1057109,1912486,1,10856,1
1057109,1787026,1,10856,2
1057473,836520,1,34879,0
1057473,1209746,1,34879,0
1057473,1217106,1,34879,0
1057473,1909421,1,34879,0
1057473,1752839,1,34879,1
1057473,1889443,1,34879,1
1057473,116564,1,34879,3
1057473,479466,1,34879,4
1057473,1186594,1,34879,7
1057473,999739,1,34879,8
1057473,679986,1,34879,8
1057473,334290,1,34879,8
1057473,432653,1,34879,8
1057473,1680938,1,34879,8
1057473,1696388,1,34879,8
1057473,1701325,1,34879,8
1057473,1739302,1,34879,8
1057473,560360,1,34879,8
1057473,1752892,1,34879,8
1057473,1886791,1,34879,8
1057473,617440,1,34879,8
1057473,752083,1,34879,8
1065152,6507,1,6507,0
1065152,161531,1,6507,0
1065152,171372,1,6507,0
1065152,198108,1,6507,0
1065152,347904,1,6507,0
1065152,428284,1,6507,0
1065152,619967,1,6507,0
1065152,723542,1,6507,0
1065152,984021,1,6507,0
1065152,1048196,1,6507,0
1065152,1448764,1,6507,0
1065152,1537627,1,6507,0
1065152,1564207,1,6507,0
1065152,1621261,1,6507,0
1076414,284636,1,10856,0
1076414,1881380,1,10856,0
1076414,146075,1,10856,1
1076414,162287,1,10856,1
1076414,17935,1,10856,1
1076414,327740,1,10856,1
1076414,527138,1,10856,1
1076414,615466,1,10856,1
1076414,817176,1,10856,1
1076414,923197,1,10856,1
1076414,1136029,1,10856,1
1076414,1243304,1,10856,1
1076414,1632094,1,10856,1
1076414,96151,1,10856,1
1076414,1912486,1,10856,1
1076414,1787026,1,10856,2
1122758,836520,1,34879,0
1122758,968697,1,34879,0
1122758,977136,1,34879,0
1122758,1209746,1,34879,0
1122758,1909421,1,34879,0
1122758,948866,1,34879,1
1122758,1752839,1,34879,1
1122758,1423390,1,34879,2
1122758,77010,1,34879,3
1122758,1021260,1,34879,3
1122758,479466,1,34879,4
1122758,976565,1,34879,5
1122758,1235492,1,34879,5
1122758,84779,1,34879,6
1122758,530907,1,34879,7
1122758,1709542,1,34879,7
1122758,999739,1,34879,8
1122758,1007951,1,34879,8
1122758,752083,1,34879,8
1122758,334290,1,34879,8
1122758,617440,1,34879,8
1122758,1619589,1,34879,8
1122758,207089,1,34879,8
1122758,1739302,1,34879,8
1122758,770584,1,34879,8
1122758,1696388,1,34879,9
1122758,1431284,1,34879,9
1122758,447330,1,34879,9
1122758,1680938,1,34879,9
1122758,1752892,1,34879,9
1122758,1788708,1,34879,9
1122758,432653,1,34879,9
1136029,107597,1,10856,0
1136029,571127,1,10856,0
1136029,1865765,1,10856,0
1136029,246762,1,10856,1
1136029,320644,1,10856,1
1136029,348104,1,10856,1
1136029,486299,1,10856,1
1136029,10856,1,10856,1
1136029,772644,1,10856,1
1136029,930821,1,10856,1
1136029,1034127,1,10856,1
1136029,1057109,1,10856,1
1136029,1076414,1,10856,1
1136029,1428980,1,10856,1
1136029,1466251,1,10856,1
1136029,129111,1,10856,1
1136770,275258,1,77595,0
1136770,279837,1,77595,0
1136770,316422,1,77595,0
1136770,506616,1,77595,0
1136770,548157,1,77595,0
1136770,573930,1,77595,0
1136770,603275,1,77595,0
1136770,697892,1,77595,0
1136770,729351,1,77595,0
1136770,1180518,1,77595,0
1136770,1328260,1,77595,0
1136770,1399633,1,77595,0
1136770,1441299,1,77595,0
1136770,1863141,1,77595,0
1164040,275258,1,77595,0
1164040,279837,1,77595,0
1164040,316422,1,77595,0
1164040,506616,1,77595,0
1164040,573930,1,77595,0
1164040,603275,1,77595,0
1164040,697892,1,77595,0
1164040,729351,1,77595,0
1164040,1180518,1,77595,0
1164040,1304648,1,77595,0
1164040,1328260,1,77595,0
1164040,1399633,1,77595,0
1164040,1441299,1,77595,0
1164040,1863141,1,77595,0
1168984,275258,1,77595,1
1168984,279837,1,77595,1
1168984,316422,1,77595,1
1168984,506616,1,77595,1
1168984,548157,1,77595,1
1168984,573930,1,77595,1
1168984,603275,1,77595,1
1168984,697892,1,77595,1
1168984,729351,1,77595,1
1168984,1180518,1,77595,1
1168984,1304648,1,77595,1
1168984,1328260,1,77595,1
1168984,1399633,1,77595,1
1168984,1441299,1,77595,1
1168984,1863141,1,77595,1
1180518,306410,1,77595,0
1180518,599795,1,77595,0
1180518,719331,1,77595,0
1180518,1136770,1,77595,0
1180518,1164040,1,77595,0
1180518,77595,1,77595,1
1180518,355929,1,77595,1
1180518,808321,1,77595,1
1180518,945181,1,77595,1
1180518,447404,1,77595,1
1180518,598988,1,77595,1
1180518,1168984,1,77595,1
1180518,1323343,1,77595,1
1180518,1445801,1,77595,1
1180518,1608964,1,77595,1
1180518,1647232,1,77595,1
1180518,1741323,1,77595,1
1180518,1871165,1,77595,1
1186594,836520,1,34879,0
1186594,968697,1,34879,0
1186594,977136,1,34879,0
1186594,1217106,1,34879,0
1186594,1704878,1,34879,0
1186594,1909421,1,34879,0
1186594,948866,1,34879,1
1186594,1021260,1,34879,3
1186594,479466,1,34879,4
1186594,796359,1,34879,4
1186594,84779,1,34879,6
1186594,1653947,1,34879,6
1186594,398985,1,34879,6
1186594,34879,1,34879,7
1186594,432653,1,34879,7
1186594,47335,1,34879,7
1186594,678808,1,34879,7
1186594,447330,1,34879,7
1186594,1057473,1,34879,7
1186594,207089,1,34879,7
1186594,1542850,1,34879,7
1186594,1619589,1,34879,7
1186594,530907,1,34879,7
1186594,1696388,1,34879,7
1186594,334290,1,34879,7
1186594,822378,1,34879,7
1209746,47335,1,34879,0
1209746,391642,1,34879,0
1209746,447330,1,34879,0
1209746,479466,1,34879,0
1209746,617440,1,34879,0
1209746,679986,1,34879,0
1209746,872894,1,34879,0
1209746,977136,1,34879,0
1209746,999739,1,34879,0
1209746,1057473,1,34879,0
1209746,1122758,1,34879,0
1209746,1235492,1,34879,0
1209746,1696388,1,34879,0
1209746,1752839,1,34879,0
1217106,84779,1,34879,0
1217106,116564,1,34879,0
1217106,192800,1,34879,0
1217106,533270,1,34879,0
1217106,752083,1,34879,0
1217106,948866,1,34879,0
1217106,1057473,1,34879,0
1217106,1186594,1,34879,0
1217106,1431284,1,34879,0
1217106,1542850,1,34879,0
1217106,1619589,1,34879,0
1217106,1645497,1,34879,0
1217106,1696388,1,34879,0
1217106,1752839,1,34879,0
1235492,1209746,1,34879,0
1235492,711522,1,34879,1
1235492,1752839,1,34879,1
1235492,1889443,1,34879,1
1235492,57511,1,34879,2
1235492,1423390,1,34879,2
1235492,192800,1,34879,3
1235492,796359,1,34879,4
1235492,752083,1,34879,5
1235492,334290,1,34879,5
1235492,872894,1,34879,5
1235492,1007951,1,34879,5
1235492,1122758,1,34879,5
1235492,47335,1,34879,5
1235492,398985,1,34879,5
1235492,1542850,1,34879,5
1235492,1696388,1,34879,5
1235492,1697043,1,34879,5
1235492,1701325,1,34879,5
1235492,432653,1,34879,5
1235492,207089,1,34879,5
1243304,107597,1,10856,0
1243304,571127,1,10856,0
1243304,1865765,1,10856,0
1243304,246762,1,10856,1
1243304,320644,1,10856,1
1243304,348104,1,10856,1
1243304,486299,1,10856,1
1243304,10856,1,10856,1
1243304,772644,1,10856,1
1243304,930821,1,10856,1
1243304,1034127,1,10856,1
1243304,1057109,1,10856,1
1243304,1076414,1,10856,1
1243304,1428980,1,10856,1
1243304,1466251,1,10856,1
1243304,129111,1,10856,1
1266864,1448764,1,6507,0
1266864,171372,1,6507,1
1266864,1048196,1,6507,1
1266864,161531,1,6507,2
1266864,198108,1,6507,2
1266864,347904,1,6507,2
1266864,428284,1,6507,2
1266864,619967,1,6507,2
1266864,723542,1,6507,2
1266864,984021,1,6507,2
1266864,165600,1,6507,2
1266864,6507,1,6507,2
1266864,1537627,1,6507,2
1266864,1564207,1,6507,2
1266864,1576188,1,6507,2
1304648,306410,1,77595,0
1304648,430260,1,77595,0
1304648,719331,1,77595,0
1304648,1164040,1,77595,0
1304648,447404,1,77595,1
1304648,598988,1,77595,1
1304648,355929,1,77595,1
1304648,808321,1,77595,1
1304648,945181,1,77595,1
1304648,77595,1,77595,1
1304648,1168984,1,77595,1
1304648,1323343,1,77595,1
1304648,1445801,1,77595,1
1304648,1608964,1,77595,1
1304648,1647232,1,77595,1
1304648,1741323,1,77595,1
1304648,1871165,1,77595,1
1323343,275258,1,77595,1
1323343,279837,1,77595,1
1323343,316422,1,77595,1
1323343,506616,1,77595,1
1323343,573930,1,77595,1
1323343,603275,1,77595,1
1323343,697892,1,77595,1
1323343,729351,1,77595,1
1323343,1180518,1,77595,1
1323343,1304648,1,77595,1
1323343,1328260,1,77595,1
1323343,1399633,1,77595,1
1323343,1441299,1,77595,1
1323343,1863141,1,77595,1
1323343,598988,1,77595,2
1328260,306410,1,77595,0
1328260,430260,1,77595,0
1328260,599795,1,77595,0
1328260,719331,1,77595,0
1328260,1136770,1,77595,0
1328260,1164040,1,77595,0
1328260,77595,1,77595,1
1328260,808321,1,77595,1
1328260,945181,1,77595,1
1328260,447404,1,77595,1
1328260,355929,1,77595,1
1328260,1168984,1,77595,1
1328260,1323343,1,77595,1
1328260,1445801,1,77595,1
1328260,1608964,1,77595,1
1328260,1647232,1,77595,1
1328260,1741323,1,77595,1
1328260,1871165,1,77595,1
1337092,533270,1,34879,0
1337092,836520,1,34879,0
1337092,977136,1,34879,0
1337092,711522,1,34879,1
1337092,1752839,1,34879,1
1337092,1889443,1,34879,1
1337092,1423390,1,34879,2
1337092,192800,1,34879,3
1337092,1021260,1,34879,3
1337092,353300,1,34879,5
1337092,398985,1,34879,6
1337092,482792,1,34879,6
1337092,258183,1,34879,7
1337092,617440,1,34879,7
1337092,207089,1,34879,7
1337092,679986,1,34879,7
1337092,389345,1,34879,7
1337092,1542850,1,34879,7
1337092,1680938,1,34879,7
1337092,1697043,1,34879,7
1337092,47335,1,34879,7
1337092,1752892,1,34879,7
1337092,1788708,1,34879,7
1337092,1886791,1,34879,7
1337092,368395,1,34879,7
1399633,306410,1,77595,0
1399633,430260,1,77595,0
1399633,599795,1,77595,0
1399633,719331,1,77595,0
1399633,1136770,1,77595,0
1399633,1164040,1,77595,0
1399633,355929,1,77595,1
1399633,77595,1,77595,1
1399633,808321,1,77595,1
1399633,945181,1,77595,1
1399633,447404,1,77595,1
1399633,598988,1,77595,1
1399633,1168984,1,77595,1
1399633,1323343,1,77595,1
1399633,1445801,1,77595,1
1399633,1608964,1,77595,1
1399633,1647232,1,77595,1
1399633,1741323,1,77595,1
1399633,1871165,1,77595,1
1423390,533270,1,34879,0
1423390,977136,1,34879,0
1423390,1909421,1,34879,0
1423390,1889443,1,34879,1
1423390,57511,1,34879,2
1423390,796359,1,34879,2
1423390,77010,1,34879,2
1423390,999739,1,34879,2
1423390,1021260,1,34879,2
1423390,1122758,1,34879,2
1423390,1235492,1,34879,2
1423390,1337092,1,34879,2
1423390,1431284,1,34879,2
1423390,1619589,1,34879,2
1423390,1680938,1,34879,2
1423390,398985,1,34879,2
1423390,334290,1,34879,2
1428980,284636,1,10856,0
1428980,1881380,1,10856,0
1428980,146075,1,10856,1
1428980,162287,1,10856,1
1428980,17935,1,10856,1
1428980,327740,1,10856,1
1428980,527138,1,10856,1
1428980,615466,1,10856,1
1428980,817176,1,10856,1
1428980,923197,1,10856,1
1428980,1136029,1,10856,1
1428980,1243304,1,10856,1
1428980,1632094,1,10856,1
1428980,96151,1,10856,1
1428980,1912486,1,10856,1
1428980,1787026,1,10856,2
1431284,836520,1,34879,0
1431284,968697,1,34879,0
1431284,1217106,1,34879,0
1431284,1423390,1,34879,2
1431284,116564,1,34879,3
1431284,479466,1,34879,4
1431284,84779,1,34879,6
1431284,398985,1,34879,6
1431284,822378,1,34879,7
1431284,752083,1,34879,8
1431284,770584,1,34879,8
1431284,679986,1,34879,8
1431284,617440,1,34879,8
1431284,999739,1,34879,8
1431284,1007951,1,34879,8
1431284,389345,1,34879,8
1431284,678808,1,34879,8
1431284,1542850,1,34879,8
1431284,1619589,1,34879,8
1431284,560360,1,34879,9
1431284,1122758,1,34879,9
1431284,872894,1,34879,9
1431284,1696388,1,34879,9
1431284,1752892,1,34879,9
1431284,1788708,1,34879,9
1441299,306410,1,77595,0
1441299,430260,1,77595,0
1441299,599795,1,77595,0
1441299,719331,1,77595,0
1441299,1136770,1,77595,0
1441299,1164040,1,77595,0
1441299,355929,1,77595,1
1441299,77595,1,77595,1
1441299,808321,1,77595,1
1441299,945181,1,77595,1
1441299,447404,1,77595,1
1441299,598988,1,77595,1
1441299,1168984,1,77595,1
1441299,1323343,1,77595,1
1441299,1445801,1,77595,1
1441299,1608964,1,77595,1
1441299,1647232,1,77595,1
1441299,1741323,1,77595,1
1441299,1871165,1,77595,1
1442842,391642,1,34879,1
1442842,711522,1,34879,1
1442842,1645497,1,34879,2
1442842,479466,1,34879,4
1442842,368395,1,34879,5
1442842,47335,1,34879,5
1442842,398985,1,34879,5
1442842,353300,1,34879,5
1442842,84779,1,34879,5
1442842,822378,1,34879,5
1442842,872894,1,34879,5
1442842,1007951,1,34879,5
1442842,1542850,1,34879,5
1442842,334290,1,34879,5
1442842,1653947,1,34879,5
1442842,1739302,1,34879,5
1442842,1752892,1,34879,5
1445801,275258,1,77595,1
1445801,279837,1,77595,1
1445801,316422,1,77595,1
1445801,506616,1,77595,1
1445801,548157,1,77595,1
1445801,573930,1,77595,1
1445801,603275,1,77595,1
1445801,697892,1,77595,1
1445801,729351,1,77595,1
1445801,1180518,1,77595,1
1445801,1304648,1,77595,1
1445801,1328260,1,77595,1
1445801,1399633,1,77595,1
1445801,1441299,1,77595,1
1445801,1863141,1,77595,1
1445801,1871165,1,77595,2
1448764,193476,1,6507,0
1448764,202311,1,6507,0
1448764,256624,1,6507,0
1448764,392356,1,6507,0
1448764,452123,1,6507,0
1448764,883192,1,6507,0
1448764,912571,1,6507,0
1448764,929596,1,6507,0
1448764,1015364,1,6507,0
1448764,1065152,1,6507,0
1448764,1266864,1,6507,0
1448764,1653344,1,6507,0
1448764,1785686,1,6507,0
1448764,1872061,1,6507,0
1453223,171372,1,6507,1
1453223,1048196,1,6507,1
1453223,165600,1,6507,2
1453223,6507,1,6507,2
1453223,198108,1,6507,2
1453223,347904,1,6507,2
1453223,428284,1,6507,2
1453223,619967,1,6507,2
1453223,723542,1,6507,2
1453223,984021,1,6507,2
1453223,161531,1,6507,2
1453223,1537627,1,6507,2
1453223,1564207,1,6507,2
1453223,1576188,1,6507,2
1453223,1621261,1,6507,2
1466251,284636,1,10856,0
1466251,1881380,1,10856,0
1466251,146075,1,10856,1
1466251,162287,1,10856,1
1466251,17935,1,10856,1
1466251,327740,1,10856,1
1466251,527138,1,10856,1
1466251,615466,1,10856,1
1466251,817176,1,10856,1
1466251,923197,1,10856,1
1466251,1136029,1,10856,1
1466251,1243304,1,10856,1
1466251,1632094,1,10856,1
1466251,96151,1,10856,1
1466251,1912486,1,10856,1
1466251,1787026,1,10856,2
1537627,647795,1,6507,0
1537627,1065152,1,6507,0
1537627,202311,1,6507,2
1537627,256624,1,6507,2
1537627,392356,1,6507,2
1537627,452123,1,6507,2
1537627,87117,1,6507,2
1537627,883192,1,6507,2
1537627,193476,1,6507,2
1537627,1266864,1,6507,2
1537627,1453223,1,6507,2
1537627,1653344,1,6507,2
1537627,1785686,1,6507,2
1537627,1015364,1,6507,3
1537627,912571,1,6507,3
1537627,929596,1,6507,3
1542850,977136,1,34879,0
1542850,1217106,1,34879,0
1542850,1704878,1,34879,0
1542850,391642,1,34879,1
1542850,1889443,1,34879,1
1542850,1645497,1,34879,2
1542850,796359,1,34879,4
1542850,1235492,1,34879,5
1542850,1442842,1,34879,5
1542850,398985,1,34879,6
1542850,822378,1,34879,7
1542850,1186594,1,34879,7
1542850,1337092,1,34879,7
1542850,1709542,1,34879,7
1542850,447330,1,34879,8
1542850,179055,1,34879,8
1542850,560360,1,34879,8
1542850,34879,1,34879,8
1542850,1431284,1,34879,8
1542850,678808,1,34879,8
1542850,1619589,1,34879,8
1542850,432653,1,34879,8
1542850,1680938,1,34879,8
1542850,258183,1,34879,8
1542850,1007951,1,34879,8
1542850,1739302,1,34879,8
1542850,679986,1,34879,8
1564207,1065152,1,6507,0
1564207,1872061,1,6507,0
1564207,202311,1,6507,2
1564207,256624,1,6507,2
1564207,392356,1,6507,2
1564207,452123,1,6507,2
1564207,883192,1,6507,2
1564207,87117,1,6507,2
1564207,1266864,1,6507,2
1564207,1453223,1,6507,2
1564207,1653344,1,6507,2
1564207,1785686,1,6507,2
1564207,102660,1,6507,2
1564207,912571,1,6507,3
1564207,929596,1,6507,3
1564207,1015364,1,6507,3
1576188,647795,1,6507,0
1576188,1872061,1,6507,0
1576188,193476,1,6507,2
1576188,202311,1,6507,2
1576188,256624,1,6507,2
1576188,392356,1,6507,2
1576188,452123,1,6507,2
1576188,87117,1,6507,2
1576188,883192,1,6507,2
1576188,1266864,1,6507,2
1576188,1453223,1,6507,2
1576188,1653344,1,6507,2
1576188,1785686,1,6507,2
1576188,102660,1,6507,2
1576188,1015364,1,6507,3
1576188,912571,1,6507,3
1576188,929596,1,6507,3
1608964,275258,1,77595,1
1608964,279837,1,77595,1
1608964,316422,1,77595,1
1608964,506616,1,77595,1
1608964,548157,1,77595,1
1608964,573930,1,77595,1
1608964,603275,1,77595,1
1608964,697892,1,77595,1
1608964,729351,1,77595,1
1608964,1180518,1,77595,1
1608964,1304648,1,77595,1
1608964,1328260,1,77595,1
1608964,1399633,1,77595,1
1608964,1441299,1,77595,1
1608964,1863141,1,77595,1
1619589,533270,1,34879,0
1619589,1217106,1,34879,0
1619589,1636421,1,34879,0
1619589,391642,1,34879,1
1619589,711522,1,34879,1
1619589,1423390,1,34879,2
1619589,116564,1,34879,3
1619589,796359,1,34879,4
1619589,353300,1,34879,5
1619589,398985,1,34879,6
1619589,1653947,1,34879,6
1619589,530907,1,34879,7
1619589,1186594,1,34879,7
1619589,1709542,1,34879,7
1619589,872894,1,34879,8
1619589,179055,1,34879,8
1619589,334290,1,34879,8
1619589,1431284,1,34879,8
1619589,1542850,1,34879,8
1619589,258183,1,34879,8
1619589,678808,1,34879,8
1619589,1680938,1,34879,8
1619589,1701325,1,34879,8
1619589,1122758,1,34879,8
1619589,1739302,1,34879,8
1621261,647795,1,6507,0
1621261,1065152,1,6507,0
1621261,193476,1,6507,2
1621261,202311,1,6507,2
1621261,256624,1,6507,2
1621261,392356,1,6507,2
1621261,452123,1,6507,2
1621261,87117,1,6507,2
1621261,883192,1,6507,2
1621261,102660,1,6507,2
1621261,1453223,1,6507,2
1621261,1653344,1,6507,2
1621261,1785686,1,6507,2
1621261,929596,1,6507,3
1621261,1015364,1,6507,3
1621261,912571,1,6507,3
1632094,107597,1,10856,0
1632094,571127,1,10856,0
1632094,1865765,1,10856,0
1632094,246762,1,10856,1
1632094,320644,1,10856,1
1632094,348104,1,10856,1
1632094,486299,1,10856,1
1632094,10856,1,10856,1
1632094,772644,1,10856,1
1632094,930821,1,10856,1
1632094,1034127,1,10856,1
1632094,1057109,1,10856,1
1632094,1076414,1,10856,1
1632094,1428980,1,10856,1
1632094,1466251,1,10856,1
1632094,129111,1,10856,1
1636421,57511,1,34879,0
1636421,77010,1,34879,0
1636421,334290,1,34879,0
1636421,353300,1,34879,0
1636421,447330,1,34879,0
1636421,560360,1,34879,0
1636421,968697,1,34879,0
1636421,999739,1,34879,0
1636421,1619589,1,34879,0
1636421,1653947,1,34879,0
1636421,1680938,1,34879,0
1636421,1697043,1,34879,0
1636421,1752892,1,34879,0
1636421,1788708,1,34879,0
1645497,836520,1,34879,0
1645497,1217106,1,34879,0
1645497,948866,1,34879,1
1645497,1889443,1,34879,1
1645497,334290,1,34879,2
1645497,432653,1,34879,2
1645497,976565,1,34879,2
1645497,999739,1,34879,2
1645497,398985,1,34879,2
1645497,1442842,1,34879,2
1645497,1542850,1,34879,2
1645497,1696388,1,34879,2
1645497,1697043,1,34879,2
1645497,1701325,1,34879,2
1645497,1739302,1,34879,2
1645497,1886791,1,34879,2
1645497,678808,1,34879,2
1647232,275258,1,77595,1
1647232,279837,1,77595,1
1647232,316422,1,77595,1
1647232,506616,1,77595,1
1647232,548157,1,77595,1
1647232,573930,1,77595,1
1647232,603275,1,77595,1
1647232,697892,1,77595,1
1647232,729351,1,77595,1
1647232,1180518,1,77595,1
1647232,1304648,1,77595,1
1647232,1328260,1,77595,1
1647232,1399633,1,77595,1
1647232,1441299,1,77595,1
1647232,1863141,1,77595,1
1653344,1448764,1,6507,0
1653344,171372,1,6507,1
1653344,1048196,1,6507,1
1653344,161531,1,6507,2
1653344,198108,1,6507,2
1653344,347904,1,6507,2
1653344,428284,1,6507,2
1653344,723542,1,6507,2
1653344,984021,1,6507,2
1653344,165600,1,6507,2
1653344,6507,1,6507,2
1653344,1537627,1,6507,2
1653344,1564207,1,6507,2
1653344,1576188,1,6507,2
1653344,1621261,1,6507,2
1653947,1636421,1,34879,0
1653947,1752839,1,34879,1
1653947,353300,1,34879,5
1653947,1442842,1,34879,5
1653947,530907,1,34879,6
1653947,560360,1,34879,6
1653947,678808,1,34879,6
1653947,679986,1,34879,6
1653947,999739,1,34879,6
1653947,1186594,1,34879,6
1653947,368395,1,34879,6
1653947,1619589,1,34879,6
1653947,84779,1,34879,6
1653947,1709542,1,34879,6
1653947,179055,1,34879,6
1653947,1752892,1,34879,6
1680938,977136,1,34879,0
1680938,1636421,1,34879,0
1680938,1752839,1,34879,1
1680938,1423390,1,34879,2
1680938,976565,1,34879,5
1680938,353300,1,34879,5
1680938,482792,1,34879,6
1680938,398985,1,34879,6
1680938,1337092,1,34879,7
1680938,678808,1,34879,8
1680938,679986,1,34879,8
1680938,47335,1,34879,8
1680938,1057473,1,34879,8
1680938,1542850,1,34879,8
1680938,1619589,1,34879,8
1680938,207089,1,34879,8
1680938,1697043,1,34879,8
1680938,1739302,1,34879,8
1680938,872894,1,34879,9
1680938,447330,1,34879,9
1680938,1122758,1,34879,9
1680938,1696388,1,34879,9
1680938,560360,1,34879,9
1680938,432653,1,34879,9
1680938,258183,1,34879,9
1680938,1752892,1,34879,9
1680938,1788708,1,34879,9
1696388,533270,1,34879,0
1696388,1209746,1,34879,0
1696388,1217106,1,34879,0
1696388,1909421,1,34879,0
1696388,391642,1,34879,1
1696388,711522,1,34879,1
1696388,1752839,1,34879,1
1696388,57511,1,34879,2
1696388,1645497,1,34879,2
1696388,192800,1,34879,3
1696388,1021260,1,34879,3
1696388,116564,1,34879,3
1696388,479466,1,34879,4
1696388,1235492,1,34879,5
1696388,482792,1,34879,6
1696388,398985,1,34879,6
1696388,1186594,1,34879,7
1696388,368395,1,34879,7
1696388,207089,1,34879,8
1696388,752083,1,34879,8
1696388,770584,1,34879,8
1696388,389345,1,34879,8
1696388,1057473,1,34879,8
1696388,34879,1,34879,8
1696388,47335,1,34879,8
1696388,334290,1,34879,8
1696388,679986,1,34879,8
1696388,1697043,1,34879,8
1696388,1739302,1,34879,8
1696388,1886791,1,34879,8
1696388,1122758,1,34879,9
1696388,1680938,1,34879,9
1696388,872894,1,34879,9
1696388,447330,1,34879,9
1696388,258183,1,34879,9
1696388,1431284,1,34879,9
1696388,432653,1,34879,9
1697043,533270,1,34879,0
1697043,1636421,1,34879,0
1697043,948866,1,34879,1
1697043,1645497,1,34879,2
1697043,1235492,1,34879,5
1697043,482792,1,34879,6
1697043,822378,1,34879,7
1697043,1337092,1,34879,7
1697043,368395,1,34879,7
1697043,560360,1,34879,8
1697043,872894,1,34879,8
1697043,389345,1,34879,8
1697043,179055,1,34879,8
1697043,679986,1,34879,8
1697043,752083,1,34879,8
1697043,447330,1,34879,8
1697043,1680938,1,34879,8
1697043,1696388,1,34879,8
1697043,1701325,1,34879,8
1697043,1752892,1,34879,8
1701325,1909421,1,34879,0
1701325,1645497,1,34879,2
1701325,77010,1,34879,3
1701325,116564,1,34879,3
1701325,479466,1,34879,4
1701325,976565,1,34879,5
1701325,1235492,1,34879,5
1701325,84779,1,34879,6
1701325,368395,1,34879,7
1701325,389345,1,34879,8
1701325,678808,1,34879,8
1701325,752083,1,34879,8
1701325,770584,1,34879,8
1701325,207089,1,34879,8
1701325,999739,1,34879,8
1701325,1057473,1,34879,8
1701325,334290,1,34879,8
1701325,1619589,1,34879,8
1701325,47335,1,34879,8
1701325,1697043,1,34879,8
1701325,1886791,1,34879,8
1701325,34879,1,34879,8
1701325,432653,1,34879,9
1701325,560360,1,34879,9
1701325,1788708,1,34879,9
1701325,872894,1,34879,9
1701325,447330,1,34879,9
1704878,34879,1,34879,0
1704878,207089,1,34879,0
1704878,353300,1,34879,0
1704878,398985,1,34879,0
1704878,533270,1,34879,0
1704878,711522,1,34879,0
1704878,948866,1,34879,0
1704878,1007951,1,34879,0
1704878,1021260,1,34879,0
1704878,1186594,1,34879,0
1704878,1542850,1,34879,0
1704878,1752839,1,34879,0
1704878,1752892,1,34879,0
1704878,1889443,1,34879,0
1709542,968697,1,34879,0
1709542,977136,1,34879,0
1709542,711522,1,34879,1
1709542,976565,1,34879,5
1709542,398985,1,34879,6
1709542,482792,1,34879,6
1709542,1653947,1,34879,6
1709542,530907,1,34879,7
1709542,617440,1,34879,7
1709542,207089,1,34879,7
1709542,752083,1,34879,7
1709542,34879,1,34879,7
1709542,258183,1,34879,7
1709542,47335,1,34879,7
1709542,999739,1,34879,7
1709542,1122758,1,34879,7
1709542,1542850,1,34879,7
1709542,1619589,1,34879,7
1709542,432653,1,34879,7
1739302,836520,1,34879,0
1739302,1645497,1,34879,2
1739302,77010,1,34879,3
1739302,1442842,1,34879,5
1739302,530907,1,34879,7
1739302,560360,1,34879,8
1739302,678808,1,34879,8
1739302,679986,1,34879,8
1739302,752083,1,34879,8
1739302,34879,1,34879,8
1739302,1057473,1,34879,8
1739302,1122758,1,34879,8
1739302,334290,1,34879,8
1739302,1542850,1,34879,8
1739302,1619589,1,34879,8
1739302,258183,1,34879,8
1739302,1680938,1,34879,8
1739302,1696388,1,34879,8
1741323,275258,1,77595,1
1741323,279837,1,77595,1
1741323,316422,1,77595,1
1741323,506616,1,77595,1
1741323,548157,1,77595,1
1741323,603275,1,77595,1
1741323,697892,1,77595,1
1741323,729351,1,77595,1
1741323,1180518,1,77595,1
1741323,1304648,1,77595,1
1741323,1328260,1,77595,1
1741323,1399633,1,77595,1
1741323,1441299,1,77595,1
1741323,1863141,1,77595,1
1741323,355929,1,77595,2
1752839,533270,1,34879,0
1752839,1209746,1,34879,0
1752839,1217106,1,34879,0
1752839,1704878,1,34879,0
1752839,389345,1,34879,1
1752839,391642,1,34879,1
1752839,34879,1,34879,1
1752839,1057473,1,34879,1
1752839,1122758,1,34879,1
1752839,47335,1,34879,1
1752839,258183,1,34879,1
1752839,1235492,1,34879,1
1752839,1337092,1,34879,1
1752839,1653947,1,34879,1
1752839,1680938,1,34879,1
1752839,1696388,1,34879,1
1752839,353300,1,34879,1
1752892,836520,1,34879,0
1752892,1636421,1,34879,0
1752892,1704878,1,34879,0
1752892,1909421,1,34879,0
1752892,1889443,1,34879,1
1752892,77010,1,34879,3
1752892,1021260,1,34879,3
1752892,1442842,1,34879,5
1752892,482792,1,34879,6
1752892,84779,1,34879,6
1752892,1653947,1,34879,6
1752892,822378,1,34879,7
1752892,530907,1,34879,7
1752892,1337092,1,34879,7
1752892,617440,1,34879,8
1752892,1057473,1,34879,8
1752892,1007951,1,34879,8
1752892,679986,1,34879,8
1752892,770584,1,34879,8
1752892,1697043,1,34879,8
1752892,1886791,1,34879,8
1752892,389345,1,34879,8
1752892,1680938,1,34879,9
1752892,560360,1,34879,9
1752892,179055,1,34879,9
1752892,1122758,1,34879,9
1752892,432653,1,34879,9
1752892,1431284,1,34879,9
1785686,1448764,1,6507,0
1785686,171372,1,6507,1
1785686,1048196,1,6507,1
1785686,193476,1,6507,2
1785686,347904,1,6507,2
1785686,428284,1,6507,2
1785686,619967,1,6507,2
1785686,723542,1,6507,2
1785686,984021,1,6507,2
1785686,165600,1,6507,2
1785686,161531,1,6507,2
1785686,1537627,1,6507,2
1785686,1564207,1,6507,2
1785686,1576188,1,6507,2
1785686,1621261,1,6507,2
1787026,1865765,1,10856,0
1787026,146075,1,10856,1
1787026,320644,1,10856,1
1787026,246762,1,10856,2
1787026,129111,1,10856,2
1787026,348104,1,10856,2
1787026,486299,1,10856,2
1787026,772644,1,10856,2
1787026,930821,1,10856,2
1787026,1034127,1,10856,2
1787026,1057109,1,10856,2
1787026,1076414,1,10856,2
1787026,1428980,1,10856,2
1787026,1466251,1,10856,2
1787026,10856,1,10856,2
1788708,968697,1,34879,0
1788708,1636421,1,34879,0
1788708,57511,1,34879,2
1788708,77010,1,34879,3
1788708,192800,1,34879,3
1788708,976565,1,34879,5
1788708,368395,1,34879,7
1788708,1337092,1,34879,7
1788708,334290,1,34879,8
1788708,207089,1,34879,8
1788708,617440,1,34879,8
1788708,678808,1,34879,8
1788708,34879,1,34879,8
1788708,1007951,1,34879,8
1788708,47335,1,34879,8
1788708,179055,1,34879,9
1788708,560360,1,34879,9
1788708,1122758,1,34879,9
1788708,258183,1,34879,9
1788708,1431284,1,34879,9
1788708,432653,1,34879,9
1788708,1680938,1,34879,9
1788708,1701325,1,34879,9
1863141,306410,1,77595,0
1863141,430260,1,77595,0
1863141,599795,1,77595,0
1863141,719331,1,77595,0
1863141,1136770,1,77595,0
1863141,1164040,1,77595,0
1863141,355929,1,77595,1
1863141,77595,1,77595,1
1863141,808321,1,77595,1
1863141,945181,1,77595,1
1863141,447404,1,77595,1
1863141,598988,1,77595,1
1863141,1168984,1,77595,1
1863141,1323343,1,77595,1
1863141,1445801,1,77595,1
1863141,1608964,1,77595,1
1863141,1647232,1,77595,1
1863141,1741323,1,77595,1
1863141,1871165,1,77595,1
1865765,96151,1,10856,0
1865765,146075,1,10856,0
1865765,162287,1,10856,0
1865765,284636,1,10856,0
1865765,327740,1,10856,0
1865765,527138,1,10856,0
1865765,615466,1,10856,0
1865765,817176,1,10856,0
1865765,923197,1,10856,0
1865765,1136029,1,10856,0
1865765,1243304,1,10856,0
1865765,1632094,1,10856,0
1865765,1787026,1,10856,0
1865765,1912486,1,10856,0
1871165,275258,1,77595,1
1871165,279837,1,77595,1
1871165,316422,1,77595,1
1871165,506616,1,77595,1
1871165,548157,1,77595,1
1871165,573930,1,77595,1
1871165,603275,1,77595,1
1871165,697892,1,77595,1
1871165,729351,1,77595,1
1871165,1180518,1,77595,1
1871165,1304648,1,77595,1
1871165,1328260,1,77595,1
1871165,1399633,1,77595,1
1871165,1441299,1,77595,1
1871165,1863141,1,77595,1
1871165,1445801,1,77595,2
1872061,6507,1,6507,0
1872061,161531,1,6507,0
1872061,165600,1,6507,0
1872061,171372,1,6507,0
1872061,198108,1,6507,0
1872061,256624,1,6507,0
1872061,347904,1,6507,0
1872061,428284,1,6507,0
1872061,619967,1,6507,0
1872061,723542,1,6507,0
1872061,1048196,1,6507,0
1872061,1448764,1,6507,0
1872061,1564207,1,6507,0
1872061,1576188,1,6507,0
1881380,10856,1,10856,0
1881380,107597,1,10856,0
1881380,129111,1,10856,0
1881380,246762,1,10856,0
1881380,320644,1,10856,0
1881380,348104,1,10856,0
1881380,486299,1,10856,0
1881380,772644,1,10856,0
1881380,930821,1,10856,0
1881380,1034127,1,10856,0
1881380,1057109,1,10856,0
1881380,1076414,1,10856,0
1881380,1428980,1,10856,0
1881380,1466251,1,10856,0
1886791,533270,1,34879,0
1886791,711522,1,34879,1
1886791,948866,1,34879,1
1886791,1889443,1,34879,1
1886791,57511,1,34879,2
1886791,1645497,1,34879,2
1886791,77010,1,34879,3
1886791,796359,1,34879,4
1886791,482792,1,34879,6
1886791,84779,1,34879,6
1886791,530907,1,34879,7
1886791,368395,1,34879,7
1886791,822378,1,34879,7
1886791,1337092,1,34879,7
1886791,752083,1,34879,8
1886791,389345,1,34879,8
1886791,258183,1,34879,8
1886791,872894,1,34879,8
1886791,447330,1,34879,8
1886791,1057473,1,34879,8
1886791,432653,1,34879,8
1886791,334290,1,34879,8
1886791,1696388,1,34879,8
1886791,1701325,1,34879,8
1886791,1752892,1,34879,8
1886791,179055,1,34879,8
1889443,533270,1,34879,0
1889443,1704878,1,34879,0
1889443,57511,1,34879,1
1889443,617440,1,34879,1
1889443,752083,1,34879,1
1889443,999739,1,34879,1
1889443,1057473,1,34879,1
1889443,1235492,1,34879,1
1889443,1337092,1,34879,1
1889443,1423390,1,34879,1
1889443,1542850,1,34879,1
1889443,1645497,1,34879,1
1889443,192800,1,34879,1
1889443,1752892,1,34879,1
1889443,1886791,1,34879,1
1909421,47335,1,34879,0
1909421,77010,1,34879,0
1909421,84779,1,34879,0
1909421,432653,1,34879,0
1909421,447330,1,34879,0
1909421,617440,1,34879,0
1909421,999739,1,34879,0
1909421,1057473,1,34879,0
1909421,1122758,1,34879,0
1909421,1186594,1,34879,0
1909421,1423390,1,34879,0
1909421,1696388,1,34879,0
1909421,1701325,1,34879,0
1909421,1752892,1,34879,0
1912486,571127,1,10856,0
1912486,1865765,1,10856,0
1912486,246762,1,10856,1
1912486,320644,1,10856,1
1912486,348104,1,10856,1
1912486,486299,1,10856,1
1912486,10856,1,10856,1
1912486,772644,1,10856,1
1912486,930821,1,10856,1
1912486,1034127,1,10856,1
1912486,1057109,1,10856,1
1912486,1076414,1,10856,1
1912486,1428980,1,10856,1
1912486,1466251,1,10856,1
1912486,129111,1,10856,1
