new_id,name
20686,fd3872c35e747bc75fcd5d80147f3b5c97e00242713d2d71939b3dd73de80823
22889,fcecde4ad8181c70b9abb05aee83c78ce6feefe9e2a27143b218314176454434
39837,faae6e5a215f14643fc9847706bd2a7a5f4904123779f85e668cb238b38e6656
73209,f641ac2fc15cbeebe33a4df3dc7a75717100ed98935449f591d75c3a47c03c3c
82689,f4f8a452267fac84b63befcbed61a411cad72650f532edcbc58fca2544e99f23
207491,e45d10ce1cf24b50e2667de3de6430f2f3f5506f9fa979d9931e2871fa09b6e2
226042,e1ea38bcaabce6885f0b02c1af81159b585b9a216ad29203fefa60c088e134a6
227656,e1b3fc58de6f1323a5ab560a2c0743b6885f4e44068ef6c849549cf6106119a4
261971,dd24bf9e8b6306f57f4fee4a7077758b3704756c02c7e0dc0adbc1d58726e4ef
373788,ce41f0e4bb647413d7af2dfb7909b3eaebaab272ab3b561fae1afecb47498cf9
474004,c109fe4bdef9b2d9cac19ba14826209be8f7bc871731273fd5c87c7e0ac28e95
499524,bdaae175a001569f2f148a6283e2c17f2247ff8424dd818d589e103de3c23164
562332,b551756c536d738bb9638940902555ff95d15a40a11b2e5b69d47e38ff8d659d
564315,b50ff688d0fe3b5365e41f6b41eacb4bea1e7e43afbff11f7cc59dc6ca67e231
653674,a9378d55656658ee22bf5849b0c2f1b10928efb57c3d7b4e378537c72ed59e74
709523,a1d2db58ee730cb5d8e8ce39d0ff94cf1afe50b546607dac3d8244cb6d4f906f
713182,a15859f4122d1293cdb1d8ad595d3858aa170600d17ef702c1dbae121f2325f6
737201,9e2c13070faea91ecc6279c7f24b37be2a85428cfbd97814046f69a1aeb3c6e3
766022,9a5b2ade7cfd7efc7ae3d6af276f68cd2d792c4b1425c9a4b27809210ae94865
792159,96e1e33ed5f27a8814a862a4c87b0871c7efaafea8a5454c6946ded90eb4e3b4
834739,91310185f3506d8d262ef608edff7c2b28b7ae078f6fa48831ade25abee94014
914557,8693c4c432ea9366d8dde65ef9eca7433ee7da96858d7e64a3361ebe0db09542
918428,86104ea66b3362d360cc439657dcc127746d4444a4d568fa84c0c76d12a99f6e
943828,82ae5e0878bfbae6365fbd23dc7f0aa06e2892942d52997be47fa1f3c9180d05
947231,8238535a5c94dcd8a3307544c11d711e9e544e8697cb5222702e514870ed7315
989649,7c94634e969f0f92667111a020a1e4e36905a8ebfa27c4dbc4e4454cb2c06325
998125,7b79a14404d047795a7a50d583ae5f1518ca1487a6a8b32a1f600bbdc36ca4ca
1016744,7905db87270c2c83fc8cc0a8b856617a9f0de2111ca1208cbf8a41375c97c6a9
1022659,783dd3fadfa34bcccdd98dc0f5f381f63f2b3d78f161d44f14974bea5e46ff20
1039663,75f5462e4c0153776ffd068b860d35aa28e104700f9e806ad4a640253fdc52e7
1062324,72f702c48ea50a4772c46660d0c564f6597f5d129cab52eef8a8d95cb37f194b
1113655,6c28126d4afe8327d1d5e2c288036f360c5c76d312bf68861714fb50b880e3ab
1120651,6b350c281688bc31d0484df7805f1498fa4da26194f28e9d28bb218cbd68975f
1224140,5d6e42a3f99fd585738ec21e3a4c44743f26ef11e1c4ef96147b5fb8a545e448
1247775,5a46a985a6c678f9bbf74e898800f2ab15b4cedec9c1d083b0fa814f3708edbe
1272592,5701df9092aec01593e06673da80f30022ed86218d636a63a4c3581195f95f34
1309545,521946fa6aa62e9f5babb143efb2fb05838f86371aada7a33b2bcbf9845a5d37
1414450,44355abc94be6f47e773a930adcaee52d0cffc4fcd7584bfff3b109637ccd681
1528681,3505d13b0a4854b0ccafb420ad291b9c33e9ad2c827f8554413da2bd74dfcccc
1549886,3230a86928daad2268524ae1691f6eb6335e0e6f13dec82ec4bd6384a87b0970
1557791,31222922cc48ec3168741a07014ea5568d6b999e35f49efa5ac2def498f153cc
1578558,2e5f47d4e5ea2ab917b6c0bb3c71e994f97e57d12a1630fba061905610941983
1656917,240427f7c1905c0a6dc9e37d2ac02a6dc4680af623d01dc335da78c39688c965
1727211,1ab12d5ec90ef0ac7976d80401ea6e12c9a704d28ee46ec9682e2c01dd894797
1737400,1957834830c9aa6743574b1d8ef19a9268a923fe52f021d9f862a0c9e617720b
1746636,18243d2366f314a71ae65611fb6341623ba7e65b6146181160d2a8164e8bec37
1753015,1749035d6b6023b270f3d3bdaab914683eb26eef031de260d59b32cbd94ad432
1755567,16f105fcb7f5b6f6a34e318a4fa807cdc5b08d999caa9a5444af255883080d73
1796590,1172c3416aab7a1027d51e806e80893045e0b2c1d51962dfe4aef4a77f30c71e
1810548,0f97031f11e3eb28bc417c847357287e7d81aaa189caba3c2af87a398720dd20
1810829,0f8dbc5018156b36e2c195e7e0ac920e28ef87fcf6ec3d08a546c6f4d28badc2
1880407,064bb779d04b0356ba1f01f9d52a55bed975258122e26f4dde5db6f13cf5aded
1893301,049a39b4de59912a388eccce65f68455ddc2c5feb37026ab079ffd4ce1716da6
1923811,00889babe69500b91296e3aeec8ea0b0c52a7eb418dec65503e78b1ccc0a1763