"145132","ec9f0ebe5a19db4dbf65c901cc6cf6cdd036a0080d2a34df83e95e830f37a41a"
"166126","e9d5ae99dfccf537e966d3ad54bca57d80723162681995c1fdd7a0929579aad2"
"196948","e5c636704abe3baf6fcbc83c07ae4dce6733050e7326abcadbb39010aef8a9ee"
"359032","d036bad702a63d3639c81e10ddb885994db0dbf54aa3f3631458fcb1a4698332"
"361863","cfd75ecb26ac8a1b456a54a6f334c23692e3b38b9590d335ce9ff4bcc350554b"
"399809","cace4b1eeb9ec273f03f7b0f14d624b9bd59b5a1ef8f4fe3f2f206cdddda3db3"
"468733","c1b9dee7855692bad3421109287fbdf916e680a280aaf04697e46be4c855713b"
"540184","b84700a2f0e8236e5271ec03e2d8da4bf432eac84881493fd865d37c3c0e2919"
"554159","b66924ddd38998b29de41b620a6b109bfad91e47c5137bb637b04c40c7e8069c"
"560364","b596d284188730b8ac3ba7bf5b43e03c872728340fcbf76c67a7a65ac0a544c4"
"563762","b52364f3f0faa02ef80a04f0bc1938807814109bcb26a049e39ea49d06c858c9"
"606690","af7235863d3b8c04ba45fd88aa45790aab0dd6576de6d5468d03d889a1b2b2a8"
"685058","a5108b979b58e2f1e498f17dd2ac90db962fcd22571028c23eeafb1b781a9cd2"
"737021","9e325ccf07dfbe1f3ffc55ddb04f4408cc2fb5ebeddb7366379edac236182f29"
"789307","973dcb5ccf383f3ab07d37c1f84ef08e2cb1568e2359da132c9aa91f40594e2e"
"822537","92cfdda1577effe1beb11065dd2ef6c5249306acb125637271bf9ad6480846a8"
"999623","7b495eb7eb59469a975654843278b51bded86cd4fcabd1749f3fd149e4aa6c65"
"1000684","7b24eacf6c6852fe2942c2dc895464766b323363f01b8b56437e94a283b8bc77"
"54414","f8bd5037f71456515b19f611a90d1c39e2d4fd14c5268eeb96165e7039edb1a1"
"220373","e2a8f0fc0375740260208eb6428f2710ce17c29b28a109e64ac0fd6cd5e46356"
"594642","b10b0f24ed9b8b493b71b38f9d30e351083ab46b1ca098bccb65a26ff289a250"
"1003043","7ad5304234e1c4723c5d51318822f49aa987b67c24bad2d0969d67f0045173d0"
"1474317","3c4084f703a5d0e0e77f9b1f9aab836d549c849d99fd9f739f918f31b3df2793"
"1495642","39684b362350acd3b01ea7a989201058d21007d0e6d0a6ab7d49488b2a0b533c"
"1709496","1d05cfefaf738d8a253f7b3b45209b32977062ee248513c33f9b8a6674099645"
"1881670","0622e0cef4b831cb0244d0608662e474831db2fac61088e9993970afd24fc47e"
"1925343","0051725923805790dd8d5c516490c98a93106e7ec6989db32ed5bac1040c8e26"
"1042753","758dc78e2a7c21844b1f59f7f5dd088cd478a3671f157cd5119215e4ad1d1f56"
"1054376","74086ddc5462b4cc05efcd638e7493d94354aba03de4b39b7bea49718f9a8c49"
"1147833","678ea4b43395c64319a4f175ebca7ced996d08ac37fc14235e991618f22daf25"
"1190192","61f318b53fc7bf8308dceb88eea3df1aa57d679f023a2e983b3c335b2f666c17"
"1253556","5984f5982fb4b2b6d513bcab5b98ae5ae1c636904e7abeb47582e2f5800a0d84"
"1265999","57e1f3f258538cd244e67ad541f81ced23188e2e4d67a2af7afeaf5f4cffe5b4"
"1285042","555f4b1957cf058d0aef62742159660ff97934b9571df9a47c2a3619f03e89d2"
"1449858","3f823a07ca19bc1ec48d678f400151ccef5f62264207b7d749a7fba74253e33d"
"1521303","360146195ff33741b310b2277ca83858ba74e79702bd5aab23cd146e8a1f6418"
"1541333","33522093ce93add444e7d4911c99fe9fad17caa17092514cf6d67068604164fd"
"1573429","2f0eff3cd517328b02986e68416217d4de9b5caf8c216ee83b6fa57475663be5"
"1640730","262a5fd7a76615663dd70b6d14acc21263663e30bd754314a00fa0cc4e68e282"
"1705009","1d9cbecef1bfe6fe5ca8e1bfc02e8f3e3c0a3b55f0f6e55cabb2117b916c767e"
"1705284","1d92a984e74ca11cdcaeb91902be27f8e55cebb165d38c6c7a2ca9b42a804996"
"1752989","174984b8eb9333328a5cf47b097743334536c30a3b8570b6fb71f2f5c841b580"
"1810902","0f8a94aa1a01c7c2aa9fa71a7076c00f327b15d13774747a9a0a866866f1f76c"
"1821194","0e319b5bcc40759a2330e8a62395839f47845c81448ef3fd5d8e70a324139448"
"1884308","05c7f9a30e9bac9781236206ffd8dc5f6d8b573e17ab4aa8bd5817fc484b8715"